Statistic,ipv4_prefix_count,ipv6_prefix_count,ipv4_neighbor_count,ipv6_neighbor_count,Total_Changes
Mean,1.855662472242783,1.9022727272727273,1.9323175053153792,2.1398702235039653,2.6575559069347188
Median,1.0,1.0,2.0,2.0,2.0
Std Dev,1.3858689431082962,1.6893055866497155,1.3965664894364884,1.6336259956550092,2.5787574095737997

AS_ID,ipv4_neighbor_count,ipv6_neighbor_count,ipv4_prefix_count,ipv6_prefix_count,Total_Changes
19653,5.0,7.0,,,12.0
39120,11.0,11.0,,,22.0
13335,4.0,4.0,5.0,9.0,22.0
61568,11.0,1.0,,,12.0
1299,5.0,2.0,,,7.0
3216,10.0,,10.0,,20.0
45352,7.0,,,,7.0
9268,8.0,,,,8.0
38001,3.0,6.0,,,9.0
6939,9.0,9.0,,,18.0
209,7.0,4.0,2.0,,13.0
3356,10.0,9.0,1.0,,20.0
3257,6.0,8.0,1.0,,15.0
63927,8.0,8.0,,,16.0
174,10.0,8.0,3.0,3.0,24.0
7545,2.0,,4.0,11.0,17.0
4764,7.0,,,,7.0
9498,8.0,10.0,1.0,,19.0
1239,7.0,7.0,,2.0,16.0
4657,2.0,2.0,,,4.0
37468,9.0,1.0,,,10.0
7473,4.0,2.0,,,6.0
4637,6.0,5.0,,,11.0
23969,1.0,1.0,,,2.0
9002,9.0,6.0,,,15.0
4651,1.0,2.0,1.0,,4.0
6461,8.0,4.0,1.0,,13.0
5511,6.0,4.0,,,10.0
4766,5.0,,,,5.0
4725,2.0,,,,2.0
1828,6.0,1.0,,,7.0
4755,8.0,6.0,2.0,,16.0
64049,3.0,6.0,,,9.0
55836,8.0,2.0,,,10.0
132215,2.0,3.0,,,5.0
6762,9.0,9.0,,,18.0
3320,10.0,6.0,2.0,,18.0
57463,3.0,5.0,,,8.0
41095,8.0,8.0,,1.0,17.0
701,8.0,6.0,,,14.0
16735,10.0,8.0,,,18.0
33891,1.0,5.0,,,6.0
55410,3.0,1.0,2.0,,6.0
18881,5.0,,,,5.0
12956,11.0,4.0,,,15.0
4809,5.0,2.0,,1.0,8.0
23764,5.0,1.0,,,6.0
6079,4.0,8.0,,,12.0
4635,6.0,3.0,,,9.0
29838,3.0,,,,3.0
59360,1.0,,,,1.0
137409,2.0,4.0,1.0,1.0,8.0
136907,2.0,1.0,1.0,,4.0
12975,4.0,,,,4.0
15169,4.0,2.0,6.0,,12.0
140951,1.0,,,,1.0
12874,3.0,3.0,,,6.0
34984,1.0,3.0,,,4.0
11280,9.0,,,,9.0
8697,2.0,2.0,,,4.0
32787,3.0,1.0,,,4.0
30844,3.0,,,,3.0
7713,7.0,2.0,,,9.0
52320,10.0,7.0,1.0,,18.0
1031,2.0,4.0,,,6.0
20485,6.0,2.0,,,8.0
12552,3.0,2.0,,,5.0
852,4.0,,,,4.0
12400,4.0,,1.0,,5.0
10429,2.0,8.0,,,10.0
200612,4.0,2.0,,,6.0
50673,2.0,6.0,,,8.0
201776,2.0,,,,2.0
40676,2.0,,4.0,1.0,7.0
20764,4.0,3.0,,,7.0
6830,4.0,9.0,,1.0,14.0
43100,3.0,3.0,,,6.0
5400,1.0,1.0,1.0,,3.0
203440,1.0,,,,1.0
23520,1.0,2.0,,,3.0
29119,3.0,2.0,1.0,,6.0
16509,8.0,4.0,10.0,3.0,25.0
35297,2.0,,,,2.0
35280,4.0,1.0,,,5.0
8359,8.0,1.0,1.0,,10.0
702,3.0,1.0,,,4.0
29535,4.0,,,,4.0
3255,1.0,,,,1.0
34927,1.0,10.0,,,11.0
20473,4.0,9.0,2.0,11.0,26.0
19905,3.0,,7.0,,10.0
34549,3.0,4.0,,,7.0
31500,5.0,2.0,,,7.0
3269,2.0,1.0,11.0,,14.0
133334,4.0,2.0,,,6.0
19324,6.0,,,,6.0
39386,4.0,1.0,,,5.0
5607,1.0,,,,1.0
49832,3.0,,,,3.0
42337,3.0,,1.0,,4.0
50629,1.0,8.0,,,9.0
42020,2.0,,,,2.0
44217,3.0,2.0,,,5.0
20771,2.0,,,,2.0
211181,3.0,2.0,,,5.0
208293,5.0,4.0,,,9.0
212330,2.0,2.0,2.0,1.0,7.0
3194,2.0,1.0,2.0,1.0,6.0
207701,3.0,2.0,,,5.0
42705,2.0,1.0,2.0,,5.0
21277,3.0,2.0,,,5.0
16019,2.0,,,,2.0
16097,3.0,3.0,,,6.0
8447,1.0,8.0,,,9.0
8529,5.0,7.0,,,12.0
25369,6.0,3.0,1.0,,10.0
196925,2.0,,,,2.0
55002,8.0,,,,8.0
47474,2.0,2.0,,,4.0
8637,1.0,,,,1.0
13249,1.0,3.0,,,4.0
39010,3.0,,2.0,,5.0
44684,1.0,3.0,,,4.0
6768,4.0,,,,4.0
34929,2.0,1.0,,,3.0
198589,2.0,2.0,2.0,2.0,8.0
8369,6.0,2.0,7.0,,15.0
12302,5.0,,,,5.0
46606,6.0,,3.0,,9.0
64437,2.0,,,,2.0
22773,2.0,,2.0,1.0,5.0
50058,1.0,4.0,,,5.0
61138,3.0,,3.0,,6.0
13094,1.0,1.0,,,2.0
47692,11.0,,,,11.0
57588,3.0,1.0,3.0,1.0,8.0
39216,3.0,2.0,,,5.0
59422,2.0,1.0,1.0,1.0,5.0
48980,2.0,1.0,,,3.0
60731,1.0,,,,1.0
5089,3.0,,2.0,,5.0
47872,2.0,,,,2.0
61231,1.0,3.0,,,4.0
32097,2.0,4.0,,,6.0
51684,3.0,,3.0,,6.0
2860,3.0,,,,3.0
135391,1.0,,,,1.0
206825,1.0,,,,1.0
13786,5.0,4.0,,,9.0
210021,4.0,2.0,,,6.0
5617,3.0,,,,3.0
59796,7.0,,,,7.0
31221,2.0,,2.0,,4.0
211715,2.0,,,,2.0
39175,1.0,1.0,,,2.0
58271,2.0,,2.0,,4.0
27064,4.0,,6.0,,10.0
27066,3.0,2.0,,,5.0
10796,2.0,1.0,,1.0,4.0
13536,1.0,,,,1.0
7459,1.0,2.0,,,3.0
11351,2.0,,,,2.0
13760,3.0,,,,3.0
37282,3.0,,,,3.0
33657,1.0,,,1.0,2.0
8151,1.0,,5.0,,6.0
7552,4.0,4.0,,,8.0
52468,5.0,8.0,,,13.0
263237,4.0,,,,4.0
24088,1.0,,2.0,,3.0
45899,5.0,4.0,5.0,,14.0
38158,4.0,,,,4.0
16637,3.0,3.0,,,6.0
29465,3.0,,,,3.0
4230,5.0,7.0,,,12.0
53667,2.0,3.0,,10.0,15.0
812,3.0,2.0,,,5.0
917,1.0,2.0,,1.0,4.0
53356,1.0,8.0,,10.0,19.0
136620,6.0,,,,6.0
52210,3.0,1.0,,,4.0
924,2.0,1.0,,,3.0
396123,2.0,,4.0,,6.0
60326,7.0,6.0,,,13.0
49304,1.0,3.0,,,4.0
60849,2.0,2.0,2.0,2.0,8.0
52025,2.0,,1.0,,3.0
5056,1.0,1.0,,,2.0
6057,1.0,,,,1.0
210715,2.0,,,,2.0
8167,6.0,4.0,,,10.0
266583,5.0,2.0,,1.0,8.0
28329,6.0,7.0,,,13.0
265269,2.0,3.0,,,5.0
264997,1.0,1.0,,,2.0
21574,1.0,2.0,,,3.0
267613,7.0,8.0,,,15.0
265239,1.0,1.0,,,2.0
263009,4.0,3.0,,,7.0
266438,3.0,2.0,,,5.0
25933,5.0,2.0,2.0,,9.0
269194,2.0,,,1.0,3.0
38496,3.0,,,,3.0
58717,6.0,,,,6.0
4779,4.0,2.0,,,6.0
133840,4.0,,,,4.0
58715,6.0,1.0,,,7.0
138840,7.0,1.0,,,8.0
7524,2.0,,,,2.0
39153,1.0,,,,1.0
58057,4.0,9.0,2.0,,15.0
34602,2.0,3.0,,,5.0
25082,2.0,,2.0,,4.0
31163,2.0,,,,2.0
33763,3.0,,,,3.0
5416,5.0,7.0,6.0,,18.0
55352,4.0,2.0,,,6.0
34222,3.0,,,,3.0
8452,2.0,,7.0,,9.0
206611,2.0,,2.0,,4.0
50597,3.0,,3.0,,6.0
212692,2.0,,,,2.0
58682,6.0,4.0,,,10.0
205262,1.0,,,,1.0
50384,4.0,2.0,,,6.0
200276,2.0,,,,2.0
9155,2.0,,3.0,,5.0
60051,3.0,3.0,,,6.0
203214,6.0,1.0,8.0,2.0,17.0
199739,2.0,,2.0,,4.0
61461,4.0,,,2.0,6.0
58322,2.0,,3.0,,5.0
268952,1.0,,1.0,,2.0
19114,2.0,,,,2.0
28368,10.0,2.0,,,12.0
28283,1.0,1.0,,,2.0
8888,3.0,7.0,,,10.0
136744,3.0,,2.0,,5.0
397067,4.0,,,,4.0
983,1.0,,2.0,,3.0
29873,6.0,,,,6.0
207138,4.0,,3.0,,7.0
52465,2.0,,,,2.0
133115,1.0,,,,1.0
37148,3.0,1.0,2.0,,6.0
2018,1.0,1.0,3.0,,5.0
37440,5.0,,,,5.0
36925,2.0,,,,2.0
36998,4.0,,4.0,,8.0
37075,4.0,,,,4.0
25818,1.0,,,,1.0
15706,4.0,,4.0,,8.0
137990,2.0,,,,2.0
38757,2.0,,,,2.0
45845,2.0,,,,2.0
134326,1.0,,,9.0,10.0
35908,1.0,,4.0,,5.0
35661,2.0,4.0,,,6.0
263482,2.0,2.0,,,4.0
262459,1.0,,1.0,,2.0
267469,2.0,1.0,,,3.0
266040,1.0,,4.0,,5.0
28220,3.0,,,,3.0
52866,2.0,,,,2.0
263629,2.0,2.0,,,4.0
28359,4.0,2.0,,,6.0
266207,1.0,2.0,,,3.0
28191,1.0,,,,1.0
28126,2.0,1.0,,,3.0
61844,3.0,3.0,,,6.0
262875,2.0,,2.0,,4.0
266233,2.0,3.0,,,5.0
52579,1.0,2.0,,,3.0
53180,2.0,3.0,,,5.0
52863,7.0,1.0,,,8.0
27827,1.0,,,,1.0
262761,3.0,4.0,1.0,5.0,13.0
209015,2.0,,2.0,,4.0
39273,5.0,,,1.0,6.0
208784,2.0,,,,2.0
64112,2.0,,,,2.0
267566,1.0,,,,1.0
265066,6.0,3.0,,,9.0
262503,5.0,3.0,,,8.0
272193,2.0,1.0,,,3.0
267614,4.0,5.0,,,9.0
41032,2.0,2.0,2.0,,6.0
203459,2.0,1.0,1.0,1.0,5.0
61226,1.0,,,,1.0
4621,3.0,3.0,4.0,,10.0
200081,1.0,1.0,,,2.0
2200,2.0,,2.0,,4.0
207944,1.0,,,,1.0
201675,1.0,1.0,,,2.0
57324,2.0,1.0,2.0,1.0,6.0
203217,5.0,3.0,4.0,2.0,14.0
59588,3.0,1.0,5.0,1.0,10.0
212795,2.0,2.0,,,4.0
42541,8.0,7.0,,,15.0
269783,1.0,1.0,,,2.0
262474,1.0,,1.0,1.0,3.0
264297,1.0,1.0,,,2.0
263817,2.0,,,,2.0
268579,2.0,1.0,,,3.0
264567,3.0,,,,3.0
262572,2.0,,,,2.0
265937,3.0,,,,3.0
262642,1.0,,,,1.0
262869,3.0,2.0,,2.0,7.0
267373,2.0,,2.0,,4.0
267942,2.0,,,,2.0
271145,3.0,,,,3.0
52660,1.0,,,,1.0
265130,2.0,3.0,,5.0,10.0
53121,2.0,,,,2.0
61763,1.0,,,,1.0
268886,1.0,,,,1.0
11058,4.0,,,,4.0
262773,3.0,1.0,3.0,,7.0
263336,1.0,1.0,1.0,,3.0
268919,1.0,,,,1.0
28154,1.0,,1.0,,2.0
269021,1.0,,,,1.0
266498,1.0,,,,1.0
263470,1.0,,,,1.0
262587,1.0,,,,1.0
270586,5.0,2.0,,,7.0
266644,8.0,,,,8.0
52327,1.0,,,,1.0
266965,1.0,1.0,1.0,,3.0
266992,3.0,,,,3.0
266489,1.0,,,,1.0
267396,2.0,,2.0,2.0,6.0
268240,3.0,,,,3.0
60919,1.0,,,,1.0
35266,11.0,11.0,,,22.0
141137,1.0,,,,1.0
54128,2.0,,,,2.0
43940,2.0,,2.0,,4.0
19360,1.0,,,,1.0
14325,1.0,,,,1.0
12206,2.0,,,,2.0
12217,4.0,,,,4.0
22639,8.0,,,,8.0
23246,1.0,,,,1.0
397305,1.0,,1.0,,2.0
62825,1.0,,2.0,,3.0
30674,1.0,,1.0,,2.0
25515,1.0,,,,1.0
6412,2.0,,,,2.0
45839,4.0,,4.0,,8.0
201749,3.0,1.0,3.0,1.0,8.0
198169,4.0,,2.0,,6.0
204577,2.0,,,,2.0
43103,1.0,,,,1.0
48407,2.0,,2.0,,4.0
56484,3.0,2.0,3.0,2.0,10.0
41148,2.0,,,,2.0
15773,1.0,,,,1.0
207811,3.0,1.0,,,4.0
199579,1.0,,,,1.0
23154,2.0,,,,2.0
12654,11.0,11.0,11.0,11.0,44.0
44844,1.0,,,,1.0
35076,2.0,,,,2.0
202958,5.0,,,,5.0
197107,1.0,,,,1.0
203442,4.0,1.0,,1.0,6.0
35732,2.0,,2.0,,4.0
44619,1.0,,,,1.0
47664,1.0,,,,1.0
41285,1.0,,,,1.0
48385,4.0,,,,4.0
49861,1.0,,,,1.0
50446,1.0,1.0,,,2.0
204626,4.0,,,,4.0
196762,9.0,,,,9.0
197035,2.0,,,,2.0
56936,2.0,,,,2.0
207881,2.0,,,,2.0
198873,1.0,,,,1.0
212573,2.0,2.0,,,4.0
41524,1.0,,,,1.0
34660,1.0,1.0,,,2.0
198619,1.0,,,,1.0
64302,2.0,,,,2.0
327996,1.0,1.0,,,2.0
24441,2.0,,,,2.0
149994,2.0,2.0,,,4.0
149704,3.0,,4.0,,7.0
58704,2.0,,,,2.0
131746,2.0,,,,2.0
9423,6.0,,,,6.0
9915,1.0,,,,1.0
150094,3.0,,,,3.0
137704,2.0,,,,2.0
137100,2.0,,,,2.0
137269,2.0,,,,2.0
139734,1.0,,,,1.0
138097,2.0,,,,2.0
149258,3.0,,,,3.0
136644,2.0,3.0,1.0,,6.0
139950,2.0,,,,2.0
140424,1.0,,,,1.0
141024,1.0,,,,1.0
141416,1.0,,,,1.0
141146,1.0,,,,1.0
141566,1.0,,,,1.0
141745,2.0,,,,2.0
141782,2.0,,,,2.0
141879,2.0,,3.0,,5.0
141939,1.0,1.0,,,2.0
147131,1.0,,,,1.0
147070,1.0,,,,1.0
147122,1.0,,,,1.0
212358,2.0,,,,2.0
149588,3.0,,2.0,,5.0
149934,1.0,,,,1.0
132678,2.0,,,,2.0
39286,2.0,,,,2.0
16,3.0,,3.0,,6.0
3573,1.0,3.0,1.0,6.0,11.0
12148,1.0,,,,1.0
262993,1.0,,,,1.0
49571,3.0,1.0,,,4.0
4270,2.0,2.0,3.0,3.0,10.0
265928,1.0,,1.0,,2.0
62637,1.0,,,,1.0
264177,2.0,,,,2.0
264229,2.0,,2.0,,4.0
212250,4.0,,,,4.0
647,1.0,,11.0,,12.0
47065,1.0,,5.0,,6.0
2046,3.0,,3.0,,6.0
203746,1.0,,,,1.0
270704,1.0,,,,1.0
197451,2.0,,,,2.0
200589,2.0,,,,2.0
200843,2.0,,,,2.0
7872,1.0,1.0,1.0,,3.0
7741,1.0,,,,1.0
265972,1.0,,,,1.0
19220,1.0,,,,1.0
262644,1.0,,,,1.0
265111,2.0,2.0,,,4.0
272624,1.0,,,,1.0
271324,1.0,,,,1.0
262934,2.0,,2.0,,4.0
264928,3.0,,,,3.0
264942,2.0,2.0,,,4.0
27708,2.0,,,,2.0
266382,1.0,1.0,,,2.0
262593,1.0,,,,1.0
394353,2.0,,,,2.0
399357,2.0,,,,2.0
197893,2.0,,3.0,,5.0
50121,1.0,,,,1.0
43836,2.0,1.0,,,3.0
263442,1.0,,,,1.0
52797,1.0,,,,1.0
262441,2.0,,2.0,,4.0
52652,2.0,,,,2.0
262813,5.0,2.0,,,7.0
262540,1.0,,,,1.0
271639,1.0,,1.0,,2.0
52578,1.0,,,,1.0
271186,7.0,,,,7.0
272465,1.0,1.0,,,2.0
46049,1.0,,1.0,,2.0
60815,2.0,,2.0,,4.0
199826,2.0,,2.0,,4.0
201982,2.0,,2.0,,4.0
59625,3.0,2.0,5.0,2.0,12.0
204149,2.0,,4.0,,6.0
204778,1.0,3.0,,,4.0
203301,2.0,,,,2.0
203257,2.0,,3.0,,5.0
202699,2.0,,1.0,,3.0
39372,2.0,,,,2.0
202454,1.0,,,,1.0
205997,2.0,,2.0,,4.0
205169,3.0,,3.0,,6.0
203653,2.0,,2.0,,4.0
211090,3.0,1.0,1.0,1.0,6.0
211534,3.0,,,,3.0
48175,2.0,,2.0,,4.0
203824,1.0,,,,1.0
263101,3.0,3.0,,,6.0
262822,1.0,,1.0,,2.0
53072,1.0,1.0,,,2.0
11364,1.0,,,,1.0
35713,1.0,,,,1.0
198060,1.0,,,,1.0
207825,1.0,1.0,,,2.0
28750,1.0,,,,1.0
44580,6.0,,,,6.0
60434,3.0,,,,3.0
28989,2.0,,,,2.0
207928,2.0,,,,2.0
39131,2.0,,,,2.0
58319,2.0,3.0,,1.0,6.0
202316,2.0,1.0,2.0,1.0,6.0
56374,3.0,,,,3.0
328066,1.0,,,,1.0
271332,2.0,,,,2.0
270573,1.0,1.0,,,2.0
271343,5.0,4.0,3.0,3.0,15.0
26593,1.0,,,,1.0
270998,3.0,,,,3.0
61820,1.0,,,,1.0
17827,1.0,,,,1.0
396271,2.0,,,,2.0
46621,1.0,,,,1.0
6453,3.0,5.0,2.0,,10.0
55222,1.0,,,,1.0
5650,1.0,,2.0,,3.0
9304,3.0,,,,3.0
15412,4.0,3.0,,,7.0
3491,3.0,3.0,2.0,,8.0
1273,2.0,4.0,,,6.0
22548,3.0,2.0,,,5.0
3549,4.0,6.0,1.0,1.0,12.0
12389,8.0,3.0,2.0,,13.0
8220,1.0,2.0,,,3.0
26615,6.0,7.0,3.0,,16.0
22356,6.0,,,,6.0
37271,5.0,2.0,,,7.0
34224,3.0,,,,3.0
31133,6.0,2.0,,,8.0
9009,3.0,,2.0,4.0,9.0
42929,4.0,,,,4.0
35913,1.0,,8.0,,9.0
212477,2.0,,,,2.0
199524,2.0,4.0,,,6.0
35598,3.0,2.0,,,5.0
60171,3.0,1.0,,,4.0
35007,2.0,,,,2.0
9299,3.0,1.0,1.0,,5.0
42652,2.0,,,,2.0
134578,1.0,,,,1.0
7018,7.0,,2.0,,9.0
28761,4.0,,,,4.0
55329,2.0,,,,2.0
38082,1.0,6.0,,,7.0
16322,1.0,,2.0,,3.0
33491,7.0,,1.0,4.0,12.0
16397,1.0,,,,1.0
13213,1.0,,,,1.0
3267,4.0,3.0,,,7.0
7029,5.0,,,,5.0
59605,4.0,3.0,,,7.0
20712,2.0,2.0,1.0,2.0,7.0
53013,5.0,5.0,1.0,,11.0
9930,1.0,1.0,,,2.0
47478,2.0,,,,2.0
43298,7.0,,2.0,,9.0
32098,4.0,3.0,,1.0,8.0
17072,4.0,2.0,,3.0,9.0
30517,2.0,,,,2.0
17639,4.0,,,,4.0
54036,3.0,,2.0,,5.0
7015,1.0,,,3.0,4.0
4761,5.0,3.0,,,8.0
17762,4.0,1.0,,,5.0
134190,2.0,,,,2.0
58552,3.0,,,,3.0
58656,3.0,1.0,,,4.0
55824,1.0,,2.0,4.0,7.0
9829,5.0,1.0,2.0,,8.0
18678,1.0,1.0,1.0,,3.0
14840,4.0,8.0,4.0,,16.0
23947,8.0,4.0,,,12.0
398143,2.0,,,,2.0
212895,1.0,7.0,,,8.0
53062,4.0,5.0,,,9.0
23106,6.0,5.0,,,11.0
61832,7.0,5.0,,,12.0
11172,2.0,2.0,,4.0,8.0
38264,8.0,1.0,,,9.0
17922,4.0,1.0,,,5.0
10024,1.0,,,,1.0
150178,1.0,,,,1.0
141731,5.0,2.0,,,7.0
25159,5.0,,,,5.0
34056,3.0,,,,3.0
8309,3.0,,,,3.0
139646,4.0,,1.0,,5.0
264397,4.0,2.0,,2.0,8.0
264409,8.0,1.0,,,9.0
268976,2.0,,,,2.0
267521,3.0,5.0,2.0,3.0,13.0
7438,3.0,3.0,,,6.0
265570,2.0,2.0,2.0,1.0,7.0
13999,2.0,2.0,4.0,2.0,10.0
264273,2.0,,,,2.0
8053,1.0,,2.0,,3.0
393544,1.0,1.0,,,2.0
56030,4.0,,,,4.0
52762,2.0,2.0,2.0,2.0,8.0
263966,4.0,,,2.0,6.0
36873,4.0,,2.0,,6.0
9873,1.0,2.0,,2.0,5.0
133676,4.0,,,,4.0
9245,1.0,,,,1.0
133524,1.0,,,,1.0
45650,1.0,,2.0,2.0,5.0
38758,2.0,2.0,,,4.0
41051,3.0,7.0,,,10.0
28186,3.0,1.0,,,4.0
52873,1.0,1.0,,,2.0
266015,1.0,,,,1.0
52551,2.0,1.0,,,3.0
263903,4.0,4.0,,,8.0
265274,8.0,,,,8.0
266302,8.0,,,,8.0
266247,1.0,1.0,,,2.0
262186,2.0,,,1.0,3.0
267201,1.0,1.0,,,2.0
5429,4.0,,,,4.0
262725,2.0,,,2.0,4.0
263791,6.0,,,,6.0
14080,3.0,2.0,1.0,1.0,7.0
270353,1.0,,1.0,,2.0
17754,1.0,,,,1.0
203446,2.0,,,,2.0
266353,4.0,,,,4.0
263998,1.0,1.0,,,2.0
263194,2.0,,,,2.0
264250,2.0,,,,2.0
270966,2.0,,,,2.0
268651,2.0,,1.0,,3.0
268674,2.0,,,,2.0
269201,1.0,,,,1.0
266315,1.0,,,,1.0
268029,5.0,2.0,,,7.0
266416,3.0,,,,3.0
268091,3.0,,,,3.0
267056,3.0,,,,3.0
28210,1.0,,,,1.0
263185,2.0,,,,2.0
265270,2.0,,,,2.0
53043,2.0,,,,2.0
263518,2.0,,,,2.0
6621,3.0,1.0,,,4.0
263363,1.0,,,,1.0
269146,4.0,,,,4.0
53230,2.0,,,,2.0
264398,3.0,2.0,,,5.0
52648,2.0,2.0,,,4.0
269895,2.0,,1.0,,3.0
328112,2.0,,,,2.0
266911,2.0,,,,2.0
266963,1.0,,1.0,,2.0
262973,1.0,1.0,,,2.0
267110,2.0,2.0,,,4.0
266710,4.0,,4.0,,8.0
267209,1.0,2.0,,,3.0
267284,1.0,,,,1.0
267311,2.0,,,,2.0
268196,1.0,1.0,,,2.0
135259,3.0,,,,3.0
131711,1.0,,,,1.0
58668,1.0,,,,1.0
204774,1.0,1.0,1.0,1.0,4.0
58655,3.0,1.0,,,4.0
134128,2.0,,2.0,,4.0
7342,3.0,4.0,2.0,2.0,11.0
10674,3.0,,,,3.0
2559,1.0,,,,1.0
5,3.0,,3.0,,6.0
11854,1.0,1.0,,,2.0
42245,2.0,,,,2.0
60362,6.0,,,,6.0
30910,2.0,,,,2.0
203585,1.0,,,,1.0
34006,1.0,,,,1.0
35574,2.0,4.0,,,6.0
24757,1.0,,1.0,,2.0
327822,2.0,2.0,,,4.0
59378,2.0,,,,2.0
131722,1.0,,1.0,,2.0
58665,1.0,,1.0,,2.0
134928,3.0,,,,3.0
136748,2.0,,,,2.0
136683,2.0,,,,2.0
136645,2.0,,,,2.0
138383,1.0,,,,1.0
134868,1.0,,2.0,2.0,5.0
139418,3.0,,,,3.0
139822,1.0,,,,1.0
141185,2.0,,,,2.0
132926,3.0,,,,3.0
135384,5.0,,,,5.0
141937,2.0,,,,2.0
142153,2.0,,,,2.0
133419,1.0,,,,1.0
265896,3.0,,,,3.0
270930,2.0,2.0,2.0,,6.0
272158,1.0,1.0,,,2.0
264234,1.0,,,,1.0
263869,4.0,2.0,2.0,2.0,10.0
272694,3.0,,5.0,,8.0
149290,1.0,,,,1.0
19512,2.0,,4.0,,6.0
27353,2.0,,,,2.0
265415,4.0,,,,4.0
262880,2.0,2.0,,,4.0
52898,1.0,,3.0,,4.0
264917,1.0,,,,1.0
396275,1.0,,,,1.0
266270,2.0,,,,2.0
265490,1.0,,,,1.0
266021,2.0,,,,2.0
52548,1.0,,,,1.0
263556,2.0,,,,2.0
262545,1.0,,,,1.0
263520,3.0,2.0,,,5.0
271644,2.0,,,,2.0
271192,2.0,1.0,,,3.0
270081,1.0,1.0,1.0,,3.0
271516,2.0,3.0,,,5.0
62224,1.0,,,,1.0
199757,3.0,,,,3.0
52059,2.0,,,,2.0
199906,2.0,,,,2.0
30767,2.0,,,,2.0
213075,3.0,,,,3.0
262996,2.0,,,,2.0
28121,1.0,,,,1.0
204357,4.0,,,,4.0
28328,4.0,,5.0,,9.0
35783,1.0,,,,1.0
35640,2.0,,,,2.0
6968,2.0,2.0,,,4.0
33788,2.0,,,,2.0
270012,2.0,,,,2.0
45494,1.0,,,,1.0
17452,2.0,,,,2.0
397002,1.0,,,,1.0
199512,3.0,,,,3.0
26851,2.0,,,,2.0
201370,1.0,,1.0,,2.0
134712,1.0,2.0,1.0,1.0,5.0
47597,1.0,1.0,1.0,,3.0
23367,4.0,2.0,,,6.0
2914,5.0,5.0,1.0,,11.0
21859,2.0,,6.0,,8.0
23473,6.0,,2.0,,8.0
4788,1.0,2.0,,,3.0
20562,4.0,,,,4.0
3223,4.0,,1.0,,5.0
4775,2.0,,1.0,,3.0
4826,1.0,1.0,,,2.0
6663,2.0,,,,2.0
45769,1.0,,1.0,,2.0
8966,2.0,3.0,,,5.0
8708,2.0,2.0,,,4.0
719,1.0,1.0,,,2.0
262589,4.0,6.0,4.0,1.0,15.0
5580,1.0,,,,1.0
31027,1.0,2.0,,,3.0
11404,5.0,4.0,,,9.0
42831,2.0,1.0,,,3.0
6774,2.0,2.0,,,4.0
61317,2.0,,6.0,1.0,9.0
60299,2.0,,,,2.0
201053,5.0,,,,5.0
50607,5.0,,,,5.0
8551,3.0,,4.0,,7.0
12578,3.0,,,,3.0
9049,1.0,1.0,,,2.0
12189,1.0,,,1.0,2.0
50810,2.0,,,,2.0
24940,1.0,1.0,,,2.0
31200,2.0,,,,2.0
58002,1.0,,,,1.0
48642,1.0,,,,1.0
12360,1.0,,,,1.0
7393,2.0,,7.0,,9.0
2603,1.0,3.0,,,4.0
43561,2.0,,,,2.0
11426,1.0,,1.0,1.0,3.0
39074,2.0,,,,2.0
20559,1.0,,,,1.0
19151,1.0,,,,1.0
211619,2.0,,,,2.0
20001,2.0,,,1.0,3.0
27552,1.0,,,,1.0
60503,1.0,,,,1.0
7195,5.0,7.0,2.0,2.0,16.0
50107,1.0,,,,1.0
48166,1.0,,,,1.0
17941,1.0,,,,1.0
15695,4.0,,,,4.0
35758,1.0,,1.0,,2.0
45820,6.0,2.0,,,8.0
23089,1.0,,1.0,,2.0
33651,3.0,,,,3.0
33652,4.0,,,2.0,6.0
11758,2.0,2.0,,,4.0
17405,2.0,,,,2.0
20454,1.0,,,,1.0
7385,2.0,1.0,,,3.0
23005,2.0,2.0,,,4.0
393233,2.0,,,,2.0
33570,1.0,,,,1.0
19551,3.0,,,,3.0
13876,7.0,2.0,,,9.0
393748,1.0,,,,1.0
13954,1.0,,,,1.0
36746,2.0,,,,2.0
19108,2.0,,6.0,,8.0
26479,2.0,,,,2.0
36313,2.0,,,,2.0
139009,5.0,,,,5.0
18002,5.0,1.0,,,6.0
18229,4.0,,,,4.0
38193,2.0,,,,2.0
132165,3.0,,,,3.0
17918,2.0,2.0,,,4.0
13807,2.0,2.0,,,4.0
6503,2.0,,,,2.0
18734,5.0,5.0,2.0,,12.0
4713,1.0,,,,1.0
12186,1.0,1.0,,,2.0
64227,2.0,2.0,,2.0,6.0
10882,2.0,,2.0,,4.0
393524,2.0,2.0,,,4.0
11232,3.0,2.0,,,5.0
55140,2.0,,,,2.0
397134,2.0,,,,2.0
22927,2.0,1.0,1.0,,4.0
14522,2.0,,,2.0,4.0
7049,7.0,,,,7.0
31877,2.0,,,,2.0
55198,2.0,,,,2.0
11582,2.0,,,,2.0
7738,4.0,3.0,,,7.0
263444,5.0,5.0,,,10.0
11432,2.0,4.0,2.0,,8.0
28260,2.0,4.0,,,6.0
393775,2.0,,,,2.0
40918,2.0,,,,2.0
15013,2.0,,,,2.0
10133,2.0,1.0,,,3.0
4800,3.0,,,,3.0
17439,1.0,,,,1.0
58678,6.0,,,,6.0
45474,2.0,,,,2.0
24186,1.0,,1.0,1.0,3.0
7642,3.0,,2.0,,5.0
55655,2.0,1.0,,,3.0
38880,1.0,,,,1.0
204469,1.0,,,,1.0
34872,1.0,6.0,,,7.0
200020,3.0,,,,3.0
133275,2.0,,,,2.0
135269,1.0,,,,1.0
48275,2.0,,,,2.0
20632,2.0,,,,2.0
27843,1.0,,1.0,,2.0
11686,2.0,1.0,2.0,,5.0
264836,2.0,2.0,,,4.0
19211,2.0,,,,2.0
20007,1.0,,,,1.0
11888,2.0,2.0,2.0,,6.0
19955,1.0,,,,1.0
133861,1.0,,3.0,,4.0
52965,2.0,2.0,,5.0,9.0
265856,1.0,,1.0,,2.0
37288,4.0,,,,4.0
37219,2.0,,2.0,,4.0
37721,2.0,,,,2.0
204523,2.0,,,,2.0
23661,1.0,,,,1.0
133001,2.0,4.0,,,6.0
132770,4.0,,,,4.0
139901,4.0,2.0,,,6.0
138311,2.0,,,,2.0
132296,1.0,,,,1.0
17222,1.0,,,,1.0
268689,3.0,3.0,,,6.0
262462,1.0,,,,1.0
266121,2.0,,,,2.0
262493,2.0,4.0,,,6.0
266520,1.0,2.0,,,3.0
266240,4.0,,,,4.0
8829,1.0,,,,1.0
135031,2.0,,,,2.0
268696,2.0,4.0,,,6.0
19582,2.0,,,,2.0
27750,4.0,4.0,,,8.0
266672,3.0,,,,3.0
3597,3.0,3.0,3.0,,9.0
262494,4.0,3.0,,,7.0
55967,2.0,,,,2.0
131717,1.0,,,,1.0
134014,1.0,,,,1.0
15510,2.0,,,,2.0
266894,2.0,2.0,,,4.0
267699,4.0,2.0,,2.0,8.0
28198,1.0,1.0,1.0,3.0,6.0
2716,2.0,2.0,,,4.0
268106,1.0,,,,1.0
263750,1.0,,,,1.0
53048,2.0,1.0,1.0,,4.0
269090,2.0,2.0,,,4.0
271578,4.0,2.0,,,6.0
265863,2.0,,,,2.0
267107,1.0,,,,1.0
264746,2.0,,,,2.0
266769,3.0,,1.0,,4.0
268296,2.0,,,,2.0
55769,2.0,,,,2.0
197204,2.0,,,,2.0
197235,1.0,,,,1.0
41557,2.0,,,,2.0
397777,2.0,,,,2.0
396995,2.0,,,,2.0
213382,4.0,,,,4.0
28745,3.0,,,,3.0
14363,2.0,2.0,2.0,,6.0
19751,2.0,2.0,,,4.0
393227,2.0,2.0,2.0,,6.0
13547,2.0,,,,2.0
26652,2.0,,,,2.0
40181,2.0,2.0,,,4.0
54723,2.0,,,,2.0
26400,2.0,,,,2.0
398988,2.0,,,,2.0
53347,2.0,,,,2.0
12107,2.0,,,,2.0
394609,2.0,,,,2.0
24043,1.0,,,,1.0
11656,2.0,,2.0,,4.0
398113,2.0,,2.0,,4.0
271936,1.0,,,,1.0
63033,2.0,,,,2.0
40606,1.0,,,,1.0
27365,2.0,,,,2.0
32393,2.0,,,,2.0
399457,2.0,,,,2.0
36324,1.0,,,,1.0
30047,2.0,,,,2.0
399257,2.0,,,,2.0
400251,2.0,,,,2.0
53697,2.0,,,,2.0
43087,1.0,,,,1.0
209754,2.0,,,,2.0
45035,2.0,,,,2.0
28849,2.0,,,,2.0
42852,2.0,,,,2.0
44162,1.0,,,,1.0
1887,2.0,,,,2.0
202932,3.0,,1.0,,4.0
199857,2.0,,,,2.0
198803,1.0,,,,1.0
198539,1.0,,,,1.0
210515,4.0,,,,4.0
198681,2.0,,,,2.0
399821,2.0,2.0,,,4.0
328842,4.0,,,,4.0
328282,2.0,,2.0,,4.0
328634,1.0,,,,1.0
134303,2.0,,,,2.0
131781,4.0,,,,4.0
45588,2.0,,,,2.0
140423,2.0,,,,2.0
9830,2.0,,,,2.0
59173,1.0,1.0,,,2.0
133933,2.0,,2.0,,4.0
134146,2.0,,,,2.0
134214,1.0,,,,1.0
136841,2.0,,,,2.0
137118,3.0,,,,3.0
137347,2.0,,,,2.0
134883,1.0,1.0,,1.0,3.0
138424,1.0,,,,1.0
138278,2.0,2.0,,2.0,6.0
140429,1.0,,1.0,,2.0
138878,1.0,,,,1.0
139870,4.0,,1.0,1.0,6.0
140213,1.0,,,,1.0
139855,1.0,,,,1.0
140619,1.0,,,,1.0
139570,2.0,,,,2.0
141463,2.0,,2.0,,4.0
134248,2.0,,,,2.0
141740,1.0,,,,1.0
141837,2.0,,,,2.0
146860,1.0,,,,1.0
150142,5.0,,,,5.0
135963,5.0,,,,5.0
134749,1.0,,,,1.0
136717,2.0,,4.0,,6.0
23188,2.0,,,,2.0
13534,2.0,,,,2.0
396018,1.0,,,,1.0
13499,2.0,,1.0,,3.0
38763,1.0,,,,1.0
61665,1.0,,1.0,,2.0
262387,2.0,2.0,,,4.0
1761,2.0,,,,2.0
30013,2.0,2.0,2.0,,6.0
263900,1.0,,1.0,,2.0
27790,3.0,2.0,2.0,,7.0
262428,2.0,2.0,,,4.0
14550,2.0,,,,2.0
59946,2.0,,,,2.0
399060,2.0,2.0,,,4.0
17750,1.0,,1.0,,2.0
26269,2.0,2.0,,,4.0
19819,2.0,,,,2.0
27240,2.0,,,,2.0
5692,2.0,2.0,,,4.0
63174,2.0,,,,2.0
36772,2.0,,,,2.0
3480,2.0,,,,2.0
46745,2.0,,,,2.0
27981,2.0,,,,2.0
265025,2.0,,2.0,,4.0
22601,2.0,2.0,,,4.0
28068,2.0,2.0,,2.0,6.0
52878,3.0,1.0,,,4.0
262583,2.0,2.0,,,4.0
262309,1.0,,,,1.0
28531,2.0,4.0,2.0,,8.0
197049,2.0,,,,2.0
271147,2.0,,2.0,,4.0
271148,2.0,2.0,,2.0,6.0
271116,2.0,2.0,2.0,2.0,8.0
270760,2.0,,2.0,,4.0
60156,1.0,1.0,,,2.0
59883,2.0,,,,2.0
202748,2.0,,,,2.0
203972,3.0,,,,3.0
38980,1.0,,,,1.0
211466,1.0,,,,1.0
39390,1.0,,,,1.0
203602,1.0,,,,1.0
28097,2.0,,,,2.0
28218,2.0,2.0,2.0,,6.0
28109,2.0,2.0,,,4.0
263143,2.0,2.0,,,4.0
40454,2.0,,,,2.0
7194,2.0,,2.0,,4.0
13679,2.0,,,,2.0
396433,2.0,,,,2.0
1904,2.0,,,,2.0
8838,2.0,,,,2.0
19825,2.0,,2.0,,4.0
10671,2.0,,,,2.0
27674,2.0,,,,2.0
271608,3.0,2.0,,2.0,7.0
271229,2.0,,2.0,,4.0
270460,2.0,,,,2.0
267505,1.0,,1.0,,2.0
55510,2.0,,,,2.0
40360,2.0,,,,2.0
396936,2.0,,,,2.0
14687,2.0,,,,2.0
21964,2.0,,,,2.0
23025,2.0,,,,2.0
399356,2.0,,,,2.0
395006,1.0,,,,1.0
206362,2.0,,,,2.0
40799,2.0,,2.0,,4.0
200454,1.0,1.0,1.0,,3.0
9583,2.0,1.0,,,3.0
132203,1.0,2.0,1.0,,4.0
13237,1.0,1.0,,,2.0
9730,6.0,,2.0,,8.0
37350,2.0,,,,2.0
37662,1.0,5.0,,,6.0
327724,1.0,,,,1.0
213035,2.0,3.0,,,5.0
8717,5.0,,,,5.0
24651,2.0,,,,2.0
7922,3.0,2.0,,,5.0
8560,1.0,,,,1.0
58299,1.0,8.0,,3.0,12.0
1820,2.0,,1.0,,3.0
39326,1.0,,,,1.0
12722,1.0,,1.0,,2.0
56534,1.0,1.0,,,2.0
31261,4.0,,,,4.0
7155,1.0,1.0,2.0,1.0,5.0
35168,1.0,,,,1.0
56694,1.0,,,,1.0
47232,2.0,2.0,,,4.0
35000,3.0,,,,3.0
3329,4.0,,1.0,,5.0
8449,3.0,,,,3.0
8866,3.0,,,,3.0
41107,1.0,1.0,,,2.0
20115,4.0,,,,4.0
44600,1.0,,,,1.0
12714,2.0,,,,2.0
15694,2.0,,,,2.0
6731,2.0,,,,2.0
14821,2.0,,,,2.0
46378,2.0,,,,2.0
30666,2.0,,,,2.0
40393,2.0,,2.0,,4.0
19257,2.0,,,,2.0
14828,2.0,,1.0,,3.0
16504,3.0,,2.0,,5.0
198949,2.0,6.0,,4.0,12.0
21508,2.0,,,,2.0
395290,2.0,,1.0,,3.0
32869,2.0,2.0,,,4.0
19229,1.0,1.0,,,2.0
11796,1.0,,,,1.0
396337,2.0,,,,2.0
17557,2.0,,,,2.0
133647,1.0,,,,1.0
17665,5.0,,1.0,,6.0
10075,3.0,2.0,,,5.0
18106,2.0,2.0,2.0,,6.0
17511,2.0,,,,2.0
4213,2.0,,,,2.0
12042,1.0,,,,1.0
398296,1.0,,1.0,,2.0
22652,2.0,,,,2.0
30036,3.0,,4.0,4.0,11.0
14445,1.0,,1.0,,2.0
32505,2.0,,2.0,,4.0
62485,1.0,,,,1.0
19740,2.0,,2.0,,4.0
32708,4.0,,,,4.0
138152,2.0,,,,2.0
22552,2.0,,,,2.0
32133,2.0,,,,2.0
263155,2.0,,,,2.0
14282,3.0,,,,3.0
263558,4.0,1.0,,,5.0
40850,3.0,2.0,,,5.0
13639,2.0,,,,2.0
138915,1.0,,1.0,,2.0
45543,1.0,1.0,,,2.0
7602,2.0,2.0,,7.0,11.0
59179,1.0,,,,1.0
141047,1.0,,,,1.0
44103,3.0,,,,3.0
138128,3.0,,,,3.0
7575,2.0,2.0,,,4.0
208808,2.0,,,,2.0
197019,2.0,,,,2.0
12418,3.0,,,,3.0
8323,2.0,,,,2.0
21050,2.0,,1.0,,3.0
5408,1.0,,2.0,,3.0
8324,1.0,,,,1.0
133385,2.0,1.0,,,3.0
3253,2.0,,1.0,,3.0
44332,1.0,1.0,,,2.0
201825,1.0,2.0,,,3.0
53586,1.0,,,,1.0
265509,2.0,,2.0,,4.0
11014,3.0,2.0,,,5.0
22724,2.0,,,,2.0
32945,2.0,,,,2.0
32810,2.0,,,,2.0
19730,2.0,,,,2.0
398249,2.0,,,,2.0
398968,2.0,,,,2.0
14501,1.0,,1.0,,2.0
264209,2.0,3.0,,,5.0
37613,2.0,,,,2.0
30999,1.0,3.0,1.0,,5.0
328832,2.0,,,,2.0
37098,1.0,,,,1.0
36920,1.0,,,,1.0
37294,1.0,,,,1.0
6,1.0,,,,1.0
328198,1.0,,,,1.0
37001,1.0,,,,1.0
64512,1.0,,1.0,,2.0
36913,1.0,,,,1.0
45558,2.0,,,,2.0
45296,2.0,,,,2.0
140504,2.0,,,,2.0
58640,2.0,,2.0,,4.0
58945,5.0,,1.0,,6.0
132829,2.0,,,,2.0
58906,2.0,,,,2.0
58689,1.0,,,,1.0
132615,1.0,,,,1.0
264969,2.0,,,,2.0
273683,2.0,,,,2.0
266062,3.0,,2.0,,5.0
264562,1.0,,,,1.0
266136,1.0,,,,1.0
266545,3.0,3.0,2.0,,8.0
52862,3.0,,,,3.0
61689,3.0,,,,3.0
262532,2.0,4.0,,,6.0
268925,2.0,,,,2.0
18747,3.0,,,,3.0
132933,1.0,,,,1.0
262663,6.0,,2.0,,8.0
264598,2.0,1.0,,,3.0
267625,2.0,1.0,,,3.0
42000,2.0,2.0,,,4.0
29611,1.0,,,1.0,2.0
206892,2.0,,,,2.0
132323,1.0,,,,1.0
45355,3.0,,,,3.0
199785,1.0,,2.0,,3.0
39505,1.0,,,,1.0
266830,2.0,,2.0,,4.0
268432,2.0,,,,2.0
264144,2.0,,,,2.0
263456,1.0,,,,1.0
265703,2.0,1.0,,1.0,4.0
264552,2.0,2.0,,,4.0
268920,2.0,2.0,,,4.0
262851,3.0,,4.0,,7.0
269167,2.0,2.0,2.0,,6.0
53094,3.0,3.0,2.0,2.0,10.0
265441,2.0,2.0,,,4.0
327750,1.0,,,,1.0
267326,2.0,2.0,,,4.0
262256,2.0,,,,2.0
51326,1.0,3.0,,,4.0
39824,1.0,,,,1.0
197550,2.0,,,,2.0
43571,1.0,2.0,,1.0,4.0
20264,2.0,,,,2.0
45166,3.0,,,,3.0
18230,2.0,,2.0,,4.0
149876,1.0,,,,1.0
63980,1.0,,,,1.0
17898,2.0,,,,2.0
63731,2.0,,,,2.0
7539,1.0,,,,1.0
9264,1.0,,,,1.0
12999,1.0,,,,1.0
15913,1.0,,,,1.0
34017,1.0,,,,1.0
63333,2.0,,,,2.0
55034,1.0,,,,1.0
13549,2.0,,,,2.0
62831,2.0,,,,2.0
53582,2.0,,,,2.0
394257,2.0,,,,2.0
64212,1.0,,1.0,,2.0
36221,2.0,,,,2.0
18516,2.0,,,,2.0
11222,1.0,,,,1.0
8674,2.0,2.0,,,4.0
43709,2.0,,,,2.0
328160,6.0,,,,6.0
211609,2.0,,,,2.0
20895,1.0,1.0,,,2.0
21454,2.0,,,,2.0
5495,1.0,,,,1.0
9153,2.0,1.0,,,3.0
13289,1.0,,,,1.0
42611,2.0,1.0,,,3.0
200272,2.0,,,,2.0
8506,1.0,,,,1.0
5387,1.0,,,,1.0
198826,1.0,,,,1.0
13627,1.0,1.0,3.0,,5.0
396535,2.0,,,,2.0
207333,4.0,,,,4.0
59900,2.0,,,,2.0
44837,1.0,,,,1.0
29196,1.0,,,,1.0
35025,1.0,,,,1.0
34944,1.0,1.0,,,2.0
50988,1.0,,,,1.0
52114,2.0,,1.0,,3.0
196880,1.0,,,,1.0
1930,2.0,,,,2.0
1921,3.0,1.0,1.0,1.0,6.0
5468,1.0,,,,1.0
49732,1.0,,1.0,,2.0
49024,1.0,,,,1.0
328426,1.0,,,,1.0
37720,1.0,,,,1.0
328269,1.0,,,,1.0
328661,1.0,,,,1.0
328854,1.0,,,,1.0
131343,2.0,,,,2.0
133989,2.0,,,,2.0
23951,1.0,2.0,,1.0,4.0
132783,2.0,,2.0,,4.0
141329,1.0,,,,1.0
63966,1.0,,,,1.0
133990,1.0,,,,1.0
131436,2.0,,2.0,,4.0
150721,2.0,,2.0,,4.0
135806,1.0,,,,1.0
135845,2.0,,,,2.0
135780,1.0,,,,1.0
135911,2.0,,,,2.0
137108,1.0,,,,1.0
14114,1.0,,,,1.0
59323,1.0,,,,1.0
136280,1.0,,,,1.0
138258,2.0,1.0,,2.0,5.0
139943,1.0,,,,1.0
138658,1.0,,,,1.0
138736,2.0,,,,2.0
139276,2.0,,2.0,,4.0
140045,1.0,,,,1.0
141730,1.0,,1.0,,2.0
140204,1.0,,2.0,,3.0
141270,1.0,,,,1.0
141303,2.0,,,,2.0
132987,2.0,,,,2.0
18225,4.0,,,,4.0
55672,1.0,,,,1.0
134860,1.0,,,,1.0
141864,2.0,,,,2.0
141807,2.0,,,,2.0
141978,1.0,,,,1.0
141952,1.0,,,,1.0
142485,2.0,,,,2.0
149009,1.0,,,,1.0
147258,2.0,,,,2.0
139515,1.0,,,,1.0
149546,2.0,2.0,,,4.0
150000,1.0,1.0,,,2.0
134971,4.0,,,,4.0
134861,1.0,,,,1.0
134903,2.0,,,,2.0
135670,1.0,,1.0,,2.0
132658,1.0,,,,1.0
37697,1.0,,,,1.0
63014,1.0,,,,1.0
50365,2.0,,,,2.0
38138,1.0,,,,1.0
1659,1.0,,,,1.0
266620,2.0,2.0,,2.0,6.0
35928,2.0,,2.0,,4.0
28120,2.0,,,,2.0
270661,1.0,,,,1.0
264272,2.0,2.0,2.0,4.0,10.0
8522,4.0,,,,4.0
11257,2.0,,,,2.0
264048,1.0,,,,1.0
203424,1.0,,,,1.0
30629,2.0,,,,2.0
1798,2.0,,,,2.0
205625,1.0,,,,1.0
395608,2.0,,,,2.0
328146,1.0,,,,1.0
61460,2.0,,,,2.0
200461,1.0,,,,1.0
57958,1.0,,1.0,,2.0
263596,2.0,,,,2.0
265393,3.0,,2.0,,5.0
262909,1.0,,,,1.0
19265,2.0,,2.0,,4.0
27993,1.0,,,,1.0
265055,2.0,2.0,,,4.0
399483,2.0,,,,2.0
14105,2.0,,,,2.0
53003,2.0,,3.0,,5.0
52583,2.0,,2.0,,4.0
196735,2.0,,,,2.0
52580,2.0,,,1.0,3.0
271484,4.0,,2.0,,6.0
43076,2.0,,,,2.0
41103,1.0,,,,1.0
203316,2.0,,,,2.0
202605,2.0,,,,2.0
206789,2.0,,2.0,,4.0
203203,1.0,,,,1.0
209635,1.0,1.0,,,2.0
58255,1.0,,,,1.0
52473,2.0,,,,2.0
270962,4.0,4.0,,,8.0
270538,2.0,2.0,,,4.0
270409,2.0,,2.0,,4.0
267536,2.0,,,,2.0
11282,2.0,,,,2.0
23288,2.0,,,,2.0
328596,1.0,,,,1.0
201671,1.0,,1.0,,2.0
35010,1.0,,,,1.0
12938,1.0,,,,1.0
42292,1.0,,,,1.0
203718,2.0,2.0,,,4.0
209795,2.0,,,,2.0
25371,1.0,,,,1.0
198629,3.0,,,,3.0
12795,2.0,,,,2.0
6868,1.0,,,,1.0
6699,1.0,,,,1.0
212793,3.0,2.0,,1.0,6.0
57296,2.0,,,,2.0
37036,2.0,,2.0,,4.0
53981,2.0,,,,2.0
397822,2.0,,,,2.0
27631,1.0,,,,1.0
27326,2.0,,,,2.0
19065,2.0,,,,2.0
32735,2.0,,,,2.0
262156,2.0,2.0,,,4.0
270024,2.0,,,,2.0
271338,2.0,2.0,2.0,,6.0
61833,1.0,1.0,,1.0,3.0
271783,2.0,,,,2.0
45825,4.0,,,,4.0
397918,2.0,,,,2.0
11637,2.0,,2.0,,4.0
17167,2.0,,,,2.0
40968,1.0,,,,1.0
12828,1.0,,,,1.0
397709,1.0,,1.0,,2.0
1221,3.0,,,,3.0
2516,1.0,,,,1.0
18392,2.0,,,,2.0
7303,1.0,2.0,1.0,,4.0
57724,3.0,,,,3.0
29076,2.0,1.0,,,3.0
41327,5.0,,,,5.0
35320,3.0,,,,3.0
1836,2.0,,,,2.0
62240,2.0,2.0,,,4.0
203020,1.0,,1.0,1.0,3.0
20804,1.0,1.0,,,2.0
8764,1.0,1.0,,1.0,3.0
5391,1.0,,,,1.0
200462,2.0,,,,2.0
13285,1.0,,,,1.0
58224,2.0,,,,2.0
204650,2.0,,2.0,,4.0
49697,5.0,,,,5.0
56541,1.0,,,,1.0
34659,2.0,,,,2.0
12844,2.0,,,,2.0
12849,1.0,,1.0,,2.0
51248,2.0,,,,2.0
44901,5.0,,,,5.0
14537,2.0,,1.0,,3.0
56340,1.0,,,,1.0
3261,1.0,,,,1.0
209595,3.0,,1.0,,4.0
206810,2.0,,,,2.0
43160,2.0,,,,2.0
200736,2.0,,,,2.0
42708,3.0,,,,3.0
397630,1.0,,1.0,,2.0
46887,3.0,1.0,2.0,,6.0
395148,2.0,,,,2.0
13767,2.0,,1.0,,3.0
24309,1.0,,,,1.0
54994,3.0,,2.0,,5.0
19754,3.0,,,,3.0
14340,2.0,,,,2.0
2152,2.0,,,,2.0
45489,1.0,,,,1.0
62904,1.0,,,,1.0
49532,1.0,,1.0,1.0,3.0
395859,2.0,,,,2.0
20326,1.0,1.0,,,2.0
6134,3.0,,,,3.0
52361,5.0,2.0,,,7.0
28598,2.0,3.0,1.0,,6.0
18101,1.0,2.0,,,3.0
21453,1.0,1.0,,,2.0
42104,1.0,,,,1.0
57277,1.0,,,,1.0
39199,3.0,,2.0,,5.0
56740,1.0,,,,1.0
58269,1.0,,,,1.0
8854,2.0,,,,2.0
38235,1.0,,,,1.0
28685,1.0,,1.0,,2.0
21127,2.0,,,,2.0
57877,1.0,,,,1.0
12008,2.0,,,,2.0
272045,1.0,,1.0,,2.0
208591,1.0,,,,1.0
397312,2.0,,,,2.0
50115,1.0,,1.0,,2.0
37276,3.0,,,,3.0
30990,2.0,,,,2.0
37122,1.0,,1.0,,2.0
27822,1.0,,,,1.0
37714,2.0,,,,2.0
133706,1.0,,,,1.0
137491,3.0,,,1.0,4.0
210312,1.0,2.0,,,3.0
10,1.0,,,,1.0
207137,1.0,,,,1.0
25198,1.0,,1.0,,2.0
137367,2.0,,,,2.0
58912,1.0,,1.0,,2.0
24989,1.0,2.0,,,3.0
62410,1.0,,,,1.0
208367,2.0,2.0,,,4.0
201500,2.0,,2.0,,4.0
61573,2.0,1.0,,,3.0
268331,2.0,2.0,,,4.0
268637,2.0,,,,2.0
267963,2.0,2.0,2.0,,6.0
262901,5.0,2.0,,,7.0
263324,2.0,,,,2.0
262288,2.0,2.0,,,4.0
270735,7.0,,,,7.0
268835,2.0,,,,2.0
265586,2.0,,,,2.0
269060,3.0,,,,3.0
269401,2.0,,,,2.0
269556,1.0,,,,1.0
327992,2.0,,,,2.0
51762,2.0,,,,2.0
6712,1.0,,,,1.0
6894,2.0,,,,2.0
32933,2.0,,,,2.0
399033,1.0,,2.0,,3.0
53764,5.0,,,,5.0
134006,1.0,,,,1.0
29456,1.0,,,,1.0
60473,1.0,,,,1.0
48282,2.0,,,,2.0
15542,2.0,,2.0,,4.0
46348,1.0,,,,1.0
10437,1.0,,,,1.0
394541,2.0,,,,2.0
394345,1.0,,,,1.0
395962,1.0,,,,1.0
53266,2.0,,,,2.0
42579,2.0,,1.0,,3.0
207353,2.0,,3.0,,5.0
39767,1.0,,,,1.0
208737,2.0,,1.0,,3.0
57085,1.0,,,,1.0
48107,2.0,,,,2.0
5378,2.0,,,,2.0
29446,1.0,,,,1.0
200485,2.0,,2.0,,4.0
205111,2.0,,2.0,,4.0
49905,2.0,,,,2.0
52024,1.0,,,,1.0
56996,1.0,,,,1.0
8279,2.0,,,,2.0
42353,2.0,,,,2.0
202969,2.0,,,,2.0
328585,1.0,,,,1.0
328137,1.0,,,,1.0
328915,1.0,,,,1.0
328752,1.0,,,,1.0
131693,2.0,,,,2.0
58602,2.0,,,,2.0
138655,4.0,1.0,,,5.0
133200,1.0,,1.0,,2.0
133469,2.0,,,,2.0
138814,1.0,,,,1.0
59126,1.0,,,,1.0
17911,2.0,,,,2.0
134249,1.0,,,,1.0
150474,1.0,,,,1.0
137541,1.0,,,,1.0
138318,2.0,1.0,,1.0,4.0
139285,1.0,,,,1.0
139389,1.0,,,,1.0
139832,3.0,,3.0,,6.0
140480,2.0,,,,2.0
140201,2.0,,,,2.0
141178,1.0,,1.0,,2.0
141460,1.0,,,,1.0
141560,1.0,,,,1.0
137069,2.0,,,,2.0
149473,1.0,,,,1.0
17794,3.0,,,,3.0
202306,2.0,2.0,,,4.0
133378,1.0,,,,1.0
205848,1.0,1.0,,,2.0
6342,1.0,,,,1.0
264430,2.0,,,,2.0
32594,2.0,,,,2.0
264862,2.0,,2.0,,4.0
265485,2.0,,,,2.0
270253,2.0,2.0,,,4.0
266518,2.0,,,,2.0
28806,1.0,,,,1.0
57714,2.0,,2.0,,4.0
46169,5.0,,5.0,,10.0
49124,1.0,2.0,,1.0,4.0
270627,2.0,,,,2.0
200990,1.0,,1.0,,2.0
49485,1.0,,,,1.0
51392,1.0,,,,1.0
204317,2.0,,,,2.0
269979,2.0,,,,2.0
52348,2.0,,,,2.0
272829,2.0,,,,2.0
12156,3.0,,,,3.0
210247,4.0,,,,4.0
198941,1.0,,,,1.0
212326,2.0,,2.0,,4.0
44693,2.0,,,,2.0
44268,2.0,,,,2.0
28581,1.0,,,,1.0
24236,2.0,,,,2.0
38021,2.0,,,,2.0
36481,1.0,,1.0,,2.0
50414,2.0,2.0,,,4.0
26526,2.0,,,,2.0
14760,1.0,,,,1.0
26062,1.0,,1.0,,2.0
150671,1.0,1.0,1.0,1.0,4.0
24785,3.0,3.0,,,6.0
5713,1.0,1.0,,,2.0
15924,1.0,,3.0,,4.0
28917,2.0,,,,2.0
8953,2.0,,,,2.0
396998,6.0,1.0,,,7.0
39238,1.0,,,,1.0
136787,1.0,,2.0,,3.0
42455,1.0,,,,1.0
47583,1.0,1.0,,,2.0
2686,2.0,,,,2.0
12912,5.0,1.0,,,6.0
50509,3.0,,,,3.0
1680,3.0,,,,3.0
135607,1.0,1.0,,,2.0
9063,1.0,,,,1.0
133296,1.0,2.0,,,3.0
51043,1.0,,,,1.0
13009,1.0,,,,1.0
8681,1.0,,,,1.0
50928,1.0,,,,1.0
207165,2.0,,,,2.0
48276,2.0,,,,2.0
57704,4.0,,2.0,,6.0
2854,1.0,,2.0,,3.0
58192,1.0,,,,1.0
59659,1.0,,,,1.0
9125,1.0,,,,1.0
57099,1.0,1.0,,,2.0
51603,2.0,,,,2.0
7725,1.0,,,,1.0
136106,2.0,,,,2.0
3,3.0,,3.0,,6.0
54048,1.0,,1.0,,2.0
133982,2.0,,,,2.0
24532,2.0,,,,2.0
55832,2.0,,,,2.0
23688,3.0,,,,3.0
51430,1.0,,,,1.0
1241,1.0,1.0,,,2.0
9188,1.0,,,,1.0
48641,2.0,,,,2.0
29107,1.0,,,,1.0
47211,1.0,,,,1.0
41985,1.0,,,,1.0
43256,1.0,,1.0,,2.0
42772,1.0,,,,1.0
12835,1.0,,,,1.0
199309,1.0,,,,1.0
53087,2.0,1.0,,,3.0
267708,2.0,,,,2.0
24323,3.0,,,,3.0
268077,1.0,,,,1.0
327708,3.0,,2.0,,5.0
36926,1.0,,,,1.0
16284,3.0,2.0,,,5.0
11845,1.0,,,,1.0
37192,2.0,,,,2.0
36940,2.0,,,,2.0
328659,2.0,,,,2.0
37406,2.0,,,,2.0
28698,2.0,,2.0,,4.0
328316,1.0,,,,1.0
37014,1.0,,1.0,,2.0
45267,2.0,,,,2.0
38794,2.0,,,,2.0
58736,2.0,,,,2.0
43519,2.0,2.0,,2.0,6.0
133954,1.0,,,,1.0
138296,1.0,,,,1.0
202592,1.0,1.0,,,2.0
199518,1.0,2.0,,,3.0
265661,2.0,,,,2.0
61599,2.0,2.0,,,4.0
263774,4.0,,,,4.0
266092,3.0,,,,3.0
266460,2.0,,,,2.0
264948,1.0,1.0,,,2.0
264880,1.0,1.0,,,2.0
268267,2.0,3.0,,,5.0
208924,1.0,,,,1.0
263144,3.0,2.0,,,5.0
267619,2.0,2.0,,,4.0
262300,2.0,2.0,,,4.0
263599,2.0,2.0,,,4.0
208802,1.0,,,,1.0
20912,2.0,,,,2.0
45349,1.0,,,,1.0
132220,2.0,,,,2.0
134687,3.0,,,,3.0
57743,2.0,,,,2.0
208393,1.0,,,,1.0
29551,1.0,,,,1.0
53019,2.0,2.0,,,4.0
268470,2.0,,,,2.0
23201,2.0,1.0,,,3.0
27693,1.0,,,,1.0
268101,2.0,,,,2.0
268120,1.0,,1.0,,2.0
265777,2.0,,,,2.0
267850,3.0,,,,3.0
267921,2.0,,,,2.0
267899,2.0,,,,2.0
28247,2.0,1.0,,,3.0
269171,2.0,4.0,,2.0,8.0
265432,2.0,,,,2.0
269269,1.0,,,,1.0
269360,2.0,2.0,,,4.0
271208,2.0,,,,2.0
269376,2.0,,,,2.0
263809,2.0,,,,2.0
328092,2.0,,,,2.0
267641,3.0,,,,3.0
27768,1.0,,,,1.0
263801,1.0,,,,1.0
267194,2.0,2.0,,,4.0
267330,6.0,,,,6.0
267343,3.0,2.0,,,5.0
268303,4.0,1.0,,1.0,6.0
208825,1.0,,,,1.0
50409,1.0,,,,1.0
19092,2.0,,,,2.0
396513,1.0,,,,1.0
10947,2.0,,,,2.0
36687,2.0,,,,2.0
47018,2.0,,,,2.0
36273,1.0,,1.0,,2.0
15685,1.0,,,,1.0
21446,1.0,1.0,,,2.0
42187,1.0,,,,1.0
212897,1.0,,,,1.0
9008,2.0,,,,2.0
199715,1.0,,,,1.0
59653,1.0,,,,1.0
15757,2.0,,,,2.0
30851,1.0,,,,1.0
31703,1.0,,,,1.0
51931,2.0,1.0,,1.0,4.0
50716,1.0,,,,1.0
39735,1.0,,,,1.0
57842,1.0,,,,1.0
60793,1.0,,,,1.0
12496,1.0,,,,1.0
41829,3.0,,,,3.0
201054,1.0,2.0,,,3.0
48068,1.0,,,,1.0
197327,1.0,,,,1.0
197610,1.0,,,,1.0
197668,1.0,,,,1.0
60839,3.0,,,,3.0
202058,1.0,,,,1.0
205384,2.0,,,,2.0
209059,1.0,,,,1.0
10455,1.0,,,,1.0
210442,2.0,,,,2.0
328501,1.0,,,,1.0
328413,2.0,,,,2.0
328706,2.0,,,,2.0
24521,1.0,,,2.0,3.0
58695,1.0,,1.0,,2.0
9230,1.0,,,,1.0
139683,2.0,,1.0,,3.0
151204,1.0,,,,1.0
147137,2.0,,,,2.0
135851,1.0,,,,1.0
135802,1.0,,1.0,,2.0
142127,2.0,,4.0,,6.0
137127,2.0,,2.0,,4.0
137633,2.0,,,,2.0
137519,2.0,,,,2.0
137889,1.0,,,,1.0
138146,1.0,,,,1.0
138320,1.0,,,,1.0
138297,1.0,,,,1.0
131773,2.0,,1.0,,3.0
136285,2.0,,,,2.0
139599,2.0,,,,2.0
141536,1.0,,,,1.0
140546,2.0,,,,2.0
142150,2.0,,1.0,,3.0
140983,2.0,,,,2.0
141255,1.0,,,,1.0
135944,1.0,,,,1.0
141317,1.0,,,,1.0
141920,2.0,,,,2.0
135378,2.0,,,,2.0
139544,3.0,,,,3.0
149610,1.0,,,,1.0
149692,1.0,,1.0,,2.0
149942,1.0,,,,1.0
132956,2.0,,,,2.0
265887,3.0,,,,3.0
61732,4.0,,2.0,,6.0
5723,1.0,,2.0,,3.0
28103,1.0,,,,1.0
262316,3.0,,,,3.0
262669,2.0,2.0,,,4.0
263823,2.0,,,,2.0
210026,2.0,1.0,,,3.0
14395,1.0,,,,1.0
262791,2.0,4.0,2.0,,8.0
397050,1.0,,,,1.0
271267,2.0,,,,2.0
264692,1.0,,1.0,,2.0
264935,1.0,,,,1.0
264807,2.0,,,,2.0
27865,2.0,,,,2.0
396057,2.0,,,,2.0
59792,1.0,,,,1.0
262568,2.0,,2.0,,4.0
52380,3.0,,,,3.0
204598,1.0,,,,1.0
212828,3.0,5.0,,,8.0
62299,2.0,,,,2.0
270772,3.0,,2.0,,5.0
270674,3.0,3.0,,2.0,8.0
271572,2.0,2.0,,,4.0
270320,4.0,,3.0,,7.0
52375,4.0,,,,4.0
270433,2.0,,,,2.0
263533,2.0,,,,2.0
393550,1.0,,,,1.0
394121,1.0,,,,1.0
53853,2.0,,,,2.0
210752,1.0,,,,1.0
44213,3.0,,,,3.0
199670,3.0,3.0,,,6.0
39800,2.0,,,,2.0
42822,4.0,,,,4.0
16249,1.0,,,,1.0
327942,1.0,,1.0,,2.0
269870,4.0,,,,4.0
271077,2.0,2.0,,,4.0
262250,1.0,,,,1.0
14463,1.0,,,,1.0
270321,1.0,3.0,,2.0,6.0
136624,2.0,1.0,,1.0,4.0
46111,1.0,,,,1.0
24913,1.0,,,,1.0
16004,2.0,,,,2.0
210116,2.0,,2.0,,4.0
150787,1.0,,1.0,,2.0
52209,1.0,,1.0,,2.0
2381,2.0,,,,2.0
11164,1.0,,,,1.0
30600,1.0,,,,1.0
3215,2.0,,,,2.0
3741,1.0,1.0,,,2.0
24955,1.0,,,,1.0
199366,3.0,,,,3.0
62081,3.0,,,,3.0
48422,2.0,,,,2.0
38930,1.0,,,,1.0
29226,3.0,2.0,,,5.0
3301,1.0,,,,1.0
54004,2.0,1.0,1.0,,4.0
201706,1.0,,,,1.0
51219,1.0,,,,1.0
198967,2.0,3.0,1.0,3.0,9.0
57043,1.0,,,,1.0
39392,1.0,1.0,,,2.0
8636,2.0,,,,2.0
34772,1.0,,,,1.0
5483,3.0,,,,3.0
12301,3.0,,,,3.0
47626,2.0,,,,2.0
51500,2.0,,,,2.0
50867,1.0,,,,1.0
21497,1.0,,,,1.0
398337,1.0,,,,1.0
9541,1.0,,1.0,,2.0
13737,1.0,1.0,,,2.0
40788,2.0,,,,2.0
397952,1.0,,,,1.0
3214,2.0,,,,2.0
28624,3.0,3.0,2.0,2.0,10.0
137557,2.0,,,,2.0
16814,4.0,,,,4.0
61512,1.0,,,,1.0
15108,1.0,,,,1.0
55685,2.0,2.0,,,4.0
136255,1.0,1.0,,,2.0
199662,1.0,,1.0,,2.0
12387,1.0,,,,1.0
203008,1.0,,,,1.0
60268,2.0,,,,2.0
6821,1.0,,,,1.0
6849,1.0,,,,1.0
34993,1.0,,1.0,,2.0
41206,1.0,,,,1.0
43238,1.0,,,,1.0
28658,1.0,1.0,1.0,,3.0
264329,2.0,,,,2.0
9658,1.0,,,,1.0
262740,2.0,1.0,,,3.0
262907,2.0,3.0,,,5.0
23028,2.0,,,,2.0
37179,2.0,,,,2.0
37287,1.0,,,,1.0
327931,2.0,,,,2.0
4787,1.0,1.0,,,2.0
132556,1.0,,,,1.0
17995,1.0,,,,1.0
135386,1.0,,,,1.0
52872,1.0,,1.0,,2.0
266925,3.0,,,,3.0
271253,3.0,3.0,,,6.0
263650,4.0,,,,4.0
266009,2.0,2.0,,,4.0
28145,2.0,2.0,,,4.0
266082,2.0,1.0,,,3.0
269418,1.0,,,,1.0
265144,2.0,2.0,,,4.0
265147,1.0,,2.0,,3.0
399804,1.0,1.0,1.0,1.0,4.0
61614,1.0,1.0,,,2.0
61786,2.0,2.0,,,4.0
3816,1.0,,,2.0,3.0
266465,2.0,2.0,,,4.0
265828,2.0,2.0,,,4.0
60808,1.0,,,,1.0
48995,2.0,,,,2.0
132137,2.0,,,,2.0
202364,1.0,,,,1.0
200031,1.0,,,,1.0
268330,3.0,4.0,,4.0,11.0
262868,2.0,,2.0,,4.0
52714,2.0,2.0,,2.0,6.0
262285,1.0,,,,1.0
268505,2.0,2.0,,,4.0
265728,1.0,,1.0,,2.0
262417,1.0,,,,1.0
262760,2.0,,,,2.0
263434,2.0,,,,2.0
268664,2.0,,,,2.0
265232,1.0,,,,1.0
53202,2.0,,,,2.0
264998,1.0,,,,1.0
268054,1.0,3.0,,,4.0
268085,3.0,2.0,2.0,2.0,9.0
268127,2.0,2.0,,,4.0
267475,2.0,2.0,,,4.0
268714,2.0,2.0,,2.0,6.0
265135,2.0,2.0,,,4.0
267796,3.0,,3.0,,6.0
268841,2.0,,,,2.0
268878,2.0,2.0,,,4.0
269040,2.0,1.0,,,3.0
263374,2.0,2.0,,,4.0
269001,1.0,,,,1.0
269088,2.0,2.0,,,4.0
271303,1.0,,,,1.0
271429,2.0,2.0,,,4.0
266502,2.0,,,,2.0
53169,1.0,1.0,,,2.0
265019,2.0,1.0,,,3.0
61650,1.0,,,,1.0
269352,1.0,,,,1.0
52705,2.0,,,,2.0
269475,2.0,2.0,,,4.0
52409,1.0,,1.0,,2.0
137263,1.0,,,,1.0
58470,1.0,,,,1.0
266685,2.0,,2.0,,4.0
264879,2.0,,,,2.0
267146,1.0,2.0,,,3.0
263345,1.0,,,,1.0
268384,2.0,2.0,,,4.0
268388,1.0,,,,1.0
135423,2.0,,,,2.0
12931,1.0,,,,1.0
47394,1.0,,,,1.0
23956,1.0,,2.0,,3.0
140594,1.0,,,,1.0
15535,1.0,,,,1.0
33392,1.0,,,,1.0
968,2.0,,,,2.0
30444,1.0,,,,1.0
18552,1.0,,,,1.0
42877,1.0,,,,1.0
200964,2.0,,,,2.0
39611,1.0,,,,1.0
31376,2.0,1.0,,,3.0
328194,1.0,,,,1.0
60427,1.0,1.0,,,2.0
20576,2.0,,2.0,,4.0
25534,1.0,,,,1.0
211970,2.0,,,,2.0
211497,1.0,,,,1.0
8464,1.0,,,,1.0
38942,2.0,,,,2.0
199239,1.0,,,,1.0
31725,2.0,,,,2.0
24711,2.0,,,,2.0
8380,2.0,,,,2.0
41694,2.0,,,,2.0
29186,3.0,,,,3.0
199978,2.0,,,,2.0
57363,1.0,,,,1.0
197892,2.0,,,,2.0
328530,1.0,,,,1.0
327983,3.0,,1.0,,4.0
140607,1.0,,,,1.0
132028,2.0,,,,2.0
9832,2.0,,,,2.0
58506,2.0,,,,2.0
137406,1.0,,,,1.0
135345,1.0,,,,1.0
133310,1.0,,,,1.0
141314,3.0,,,,3.0
137004,1.0,,,,1.0
137092,5.0,,,,5.0
63885,1.0,,,,1.0
137316,1.0,,,,1.0
138487,2.0,,,,2.0
138368,2.0,,,,2.0
138274,1.0,,1.0,,2.0
139052,1.0,,,,1.0
141404,1.0,,,,1.0
134995,2.0,,1.0,,3.0
59365,1.0,,,,1.0
396450,1.0,,,,1.0
271508,2.0,,,,2.0
264351,2.0,,,,2.0
264503,3.0,2.0,,,5.0
264491,4.0,2.0,2.0,3.0,11.0
264103,1.0,,,,1.0
61775,1.0,,,,1.0
273744,1.0,,2.0,,3.0
264274,2.0,,4.0,,6.0
263939,1.0,1.0,,,2.0
263947,4.0,,,,4.0
264046,2.0,,,,2.0
52741,3.0,,1.0,,4.0
7020,2.0,,,,2.0
265484,1.0,3.0,,,4.0
262715,2.0,1.0,2.0,1.0,6.0
264754,2.0,2.0,,,4.0
52814,1.0,,3.0,,4.0
264702,2.0,,2.0,,4.0
52593,2.0,2.0,,,4.0
266338,2.0,1.0,1.0,1.0,5.0
262687,1.0,1.0,,,2.0
48775,3.0,,,,3.0
53028,1.0,,,,1.0
11514,1.0,,,,1.0
263053,1.0,,1.0,1.0,3.0
16921,1.0,,1.0,,2.0
263283,2.0,,,,2.0
263105,1.0,,,,1.0
271700,1.0,,,,1.0
200155,1.0,1.0,,,2.0
60140,2.0,,,,2.0
44322,1.0,,1.0,,2.0
49805,3.0,,,,3.0
203124,1.0,,,,1.0
50138,1.0,,,,1.0
51517,1.0,,1.0,,2.0
52260,3.0,,2.0,,5.0
262520,2.0,,,,2.0
53096,3.0,,3.0,,6.0
270364,2.0,,,,2.0
270372,2.0,1.0,,1.0,4.0
270937,2.0,2.0,2.0,1.0,7.0
270382,2.0,,,,2.0
40528,2.0,2.0,,,4.0
272481,1.0,1.0,,,2.0
266238,1.0,,,,1.0
13869,1.0,,,,1.0
207950,2.0,,,,2.0
199697,2.0,,,,2.0
44478,1.0,,,,1.0
9041,2.0,,,,2.0
24777,1.0,,,,1.0
12706,1.0,,,,1.0
12589,2.0,,,,2.0
44388,1.0,,,,1.0
37513,1.0,,,,1.0
328027,2.0,,,,2.0
54342,1.0,,,,1.0
270438,2.0,,2.0,,4.0
266212,1.0,,,,1.0
271779,1.0,,,,1.0
61950,1.0,1.0,1.0,1.0,4.0
270054,1.0,,1.0,,2.0
272792,1.0,,,,1.0
45939,2.0,,,,2.0
45747,1.0,,2.0,,3.0
21209,2.0,,,,2.0
272248,1.0,,,,1.0
203619,1.0,,1.0,,2.0
207622,1.0,,1.0,,2.0
2497,2.0,2.0,,,4.0
15830,1.0,,,,1.0
15401,2.0,2.0,,,4.0
56630,2.0,,,,2.0
196695,1.0,,,,1.0
209141,1.0,,,,1.0
5563,1.0,,,,1.0
34123,2.0,,,,2.0
25454,2.0,,,,2.0
12741,2.0,3.0,,3.0,8.0
12406,1.0,,,,1.0
204384,1.0,,,,1.0
2,2.0,,,,2.0
395753,1.0,,,,1.0
395658,1.0,1.0,1.0,,3.0
7795,1.0,,,,1.0
11272,1.0,,2.0,,3.0
20055,1.0,,,,1.0
400267,2.0,,,,2.0
132876,2.0,,,,2.0
264668,1.0,,,,1.0
398987,2.0,,,,2.0
15290,1.0,,,,1.0
8001,1.0,,,,1.0
208949,2.0,,2.0,,4.0
48024,3.0,1.0,,,4.0
18470,1.0,,,1.0,2.0
36231,1.0,,,,1.0
18474,2.0,,,,2.0
265442,2.0,,,,2.0
265078,1.0,,,,1.0
17670,1.0,,,,1.0
131744,1.0,,,,1.0
50606,1.0,,,,1.0
44356,2.0,,,,2.0
12963,2.0,,,,2.0
41540,1.0,,,,1.0
29582,1.0,,,,1.0
44285,1.0,,,,1.0
45015,1.0,,,,1.0
30818,1.0,,,,1.0
262342,1.0,1.0,1.0,,3.0
265592,2.0,,2.0,,4.0
20799,1.0,,,,1.0
28545,2.0,2.0,,,4.0
265550,2.0,,,,2.0
1086,1.0,,,,1.0
27775,1.0,,,,1.0
29748,1.0,,,,1.0
37472,1.0,,,,1.0
37223,1.0,,,,1.0
30619,1.0,,1.0,,2.0
25139,2.0,,2.0,,4.0
37077,2.0,,2.0,,4.0
9931,2.0,,,,2.0
133073,1.0,,,,1.0
17996,1.0,,,,1.0
45194,2.0,,,,2.0
45766,1.0,,,,1.0
38254,1.0,,,,1.0
208563,1.0,,,,1.0
28666,1.0,,,,1.0
263151,2.0,,,,2.0
268503,1.0,,,,1.0
4862,1.0,,,,1.0
204841,1.0,1.0,,,2.0
267276,1.0,,,,1.0
52772,3.0,1.0,,,4.0
264478,1.0,,1.0,,2.0
28352,1.0,,,,1.0
267596,3.0,,,,3.0
264512,2.0,,,,2.0
138346,1.0,,,,1.0
43667,1.0,,,,1.0
268529,2.0,,2.0,,4.0
268527,1.0,,,,1.0
266440,2.0,,,,2.0
264915,1.0,,,,1.0
265949,1.0,,2.0,,3.0
22381,1.0,,,,1.0
268048,1.0,,,,1.0
264619,1.0,,,,1.0
267772,1.0,,,,1.0
268152,1.0,,,,1.0
267778,1.0,,,,1.0
265569,2.0,,2.0,,4.0
28178,1.0,,,,1.0
268869,4.0,2.0,2.0,2.0,10.0
265663,4.0,,,,4.0
268947,1.0,,1.0,,2.0
263611,2.0,,,,2.0
264321,2.0,2.0,,,4.0
269441,1.0,,,,1.0
269368,1.0,1.0,1.0,,3.0
269419,2.0,,,,2.0
264223,1.0,,,,1.0
265954,1.0,,,,1.0
267135,1.0,,,,1.0
267164,2.0,2.0,2.0,2.0,8.0
265547,2.0,2.0,,1.0,5.0
263980,1.0,,,,1.0
266611,2.0,,,,2.0
266823,1.0,,,,1.0
135795,2.0,,,,2.0
26097,1.0,,,,1.0
13508,2.0,,,,2.0
27589,4.0,,4.0,,8.0
22413,2.0,2.0,,,4.0
22500,1.0,,,,1.0
139648,1.0,,1.0,,2.0
398719,2.0,,,,2.0
27650,2.0,,,,2.0
399065,1.0,,1.0,,2.0
398420,2.0,,,,2.0
12334,2.0,,,,2.0
8685,1.0,,1.0,,2.0
198128,1.0,,,,1.0
30924,1.0,,,,1.0
201126,1.0,,,,1.0
209684,1.0,,,,1.0
328274,1.0,,1.0,,2.0
23923,1.0,,,,1.0
150517,1.0,,,,1.0
18187,1.0,,,,1.0
132298,1.0,,,,1.0
134932,1.0,,,,1.0
132480,1.0,,,,1.0
140454,1.0,,,,1.0
138172,3.0,,,,3.0
55566,1.0,,,,1.0
138043,1.0,,,,1.0
139004,1.0,,,,1.0
133592,1.0,,,,1.0
139972,1.0,,,,1.0
150750,1.0,,3.0,,4.0
141129,1.0,,1.0,,2.0
151359,1.0,,1.0,,2.0
142340,1.0,,,,1.0
142616,1.0,,,,1.0
142373,1.0,,,,1.0
147201,1.0,1.0,,,2.0
149016,2.0,,,,2.0
149785,1.0,,,,1.0
134368,1.0,,,,1.0
134258,1.0,,1.0,,2.0
206874,2.0,,,,2.0
210246,1.0,,,,1.0
12093,1.0,1.0,,,2.0
61752,2.0,,,,2.0
52845,2.0,,,,2.0
264137,1.0,,,,1.0
262374,2.0,,3.0,,5.0
61890,1.0,1.0,,,2.0
53111,2.0,2.0,,,4.0
399049,2.0,,,,2.0
396148,1.0,,,,1.0
46766,1.0,,1.0,,2.0
395607,1.0,,,,1.0
28533,1.0,,2.0,,3.0
272022,2.0,,,,2.0
398765,2.0,2.0,,,4.0
136779,1.0,,,,1.0
206281,1.0,,,,1.0
1797,2.0,2.0,,,4.0
328032,1.0,,,,1.0
14579,1.0,,,,1.0
265356,1.0,,2.0,1.0,4.0
271181,2.0,1.0,,,3.0
395836,1.0,,,,1.0
327986,1.0,,,,1.0
26039,1.0,,1.0,,2.0
266282,2.0,,,,2.0
266473,2.0,,,,2.0
265044,1.0,,,,1.0
266350,1.0,1.0,,,2.0
61901,2.0,,,,2.0
262281,1.0,,1.0,,2.0
271373,2.0,,,,2.0
262615,1.0,,1.0,,2.0
271114,1.0,,1.0,,2.0
199659,1.0,,,,1.0
60595,2.0,1.0,,,3.0
203372,1.0,,,,1.0
50017,1.0,,,,1.0
49009,2.0,,,,2.0
213317,2.0,,,,2.0
206620,1.0,1.0,1.0,1.0,4.0
42686,1.0,,,,1.0
62071,2.0,,,,2.0
272713,1.0,1.0,,,2.0
209604,1.0,,,,1.0
28243,2.0,,,,2.0
211597,1.0,,,,1.0
28223,1.0,,,,1.0
270426,1.0,,,,1.0
22757,1.0,,,,1.0
30677,1.0,,,,1.0
266217,1.0,,1.0,,2.0
60366,2.0,,,,2.0
50298,1.0,,,,1.0
35781,1.0,,,,1.0
37462,2.0,,,,2.0
36797,1.0,,,,1.0
270002,2.0,,,,2.0
61799,1.0,,,,1.0
45847,2.0,,,,2.0
54843,1.0,,,,1.0
46729,1.0,,,,1.0
399143,2.0,2.0,2.0,2.0,8.0
271330,2.0,1.0,2.0,,5.0
11472,1.0,,1.0,,2.0
15654,1.0,,,,1.0
209475,2.0,,,,2.0
58453,2.0,,,,2.0
4847,1.0,,2.0,,3.0
9121,2.0,1.0,,,3.0
4455,1.0,,,,1.0
47147,1.0,,,,1.0
6661,1.0,,,,1.0
41692,1.0,,,,1.0
35179,1.0,,,,1.0
30742,1.0,,,,1.0
12713,1.0,,,,1.0
3302,1.0,,,,1.0
139628,1.0,,,,1.0
20860,1.0,,,,1.0
48173,1.0,,,,1.0
51178,1.0,,,,1.0
24889,1.0,,,,1.0
51873,1.0,,,,1.0
212815,2.0,1.0,,,3.0
60159,1.0,,,,1.0
57455,1.0,,,,1.0
59518,2.0,,,,2.0
59158,2.0,,,,2.0
201971,1.0,,,,1.0
15377,1.0,,,,1.0
9145,1.0,,,,1.0
47734,1.0,,,,1.0
13649,2.0,,,,2.0
18712,1.0,,,,1.0
394000,1.0,,,,1.0
27951,1.0,1.0,,,2.0
394152,2.0,,,,2.0
10396,1.0,,1.0,,2.0
132280,2.0,,1.0,,3.0
52228,2.0,2.0,,,4.0
4459,1.0,,,,1.0
398549,3.0,,,,3.0
34939,1.0,,,,1.0
40285,2.0,,,,2.0
22646,1.0,,,,1.0
61745,2.0,2.0,,,4.0
270563,2.0,,,,2.0
52573,2.0,,,,2.0
17494,1.0,,,,1.0
199095,1.0,,1.0,,2.0
27988,2.0,,,,2.0
21219,1.0,,,,1.0
24739,1.0,,,,1.0
6677,1.0,,,,1.0
38566,1.0,,,,1.0
43009,1.0,,,,1.0
136969,1.0,,,,1.0
37133,2.0,,,,2.0
37387,1.0,,,,1.0
37492,2.0,,,,2.0
37504,2.0,,,,2.0
134809,1.0,1.0,,,2.0
262206,2.0,,,,2.0
266098,2.0,,,,2.0
264133,1.0,1.0,,,2.0
53158,1.0,,1.0,,2.0
61649,2.0,,,,2.0
61678,2.0,2.0,,,4.0
270143,2.0,2.0,2.0,2.0,8.0
267556,2.0,2.0,,,4.0
53137,1.0,,,,1.0
27817,1.0,,,,1.0
28032,1.0,,1.0,,2.0
48596,1.0,,,,1.0
62241,1.0,,,,1.0
133674,1.0,,,,1.0
25506,1.0,,1.0,,2.0
268593,1.0,,,,1.0
265198,1.0,1.0,,,2.0
268455,1.0,,,,1.0
268007,1.0,,,,1.0
267994,2.0,2.0,2.0,,6.0
268108,1.0,,,,1.0
268137,2.0,,,,2.0
267752,1.0,,1.0,,2.0
268172,1.0,1.0,,,2.0
52373,2.0,,,,2.0
265587,2.0,2.0,,,4.0
266160,1.0,2.0,,,3.0
265417,1.0,,2.0,,3.0
269755,1.0,,,,1.0
269280,1.0,1.0,1.0,,3.0
269313,2.0,,,,2.0
266195,1.0,1.0,,,2.0
269660,1.0,1.0,,1.0,3.0
266938,3.0,2.0,2.0,2.0,9.0
267277,1.0,,1.0,,2.0
263411,1.0,,,,1.0
38511,1.0,,,,1.0
31554,1.0,,,,1.0
8821,1.0,,,,1.0
48149,1.0,,,,1.0
15155,1.0,,,,1.0
8364,1.0,,,,1.0
36304,1.0,,,,1.0
202650,2.0,,,,2.0
208541,1.0,,,,1.0
207056,1.0,,,,1.0
26415,1.0,1.0,,,2.0
31595,1.0,,,,1.0
49609,1.0,,,,1.0
39532,1.0,,,,1.0
39571,1.0,,,,1.0
24690,1.0,,,,1.0
44863,1.0,,,,1.0
44640,1.0,,,,1.0
50954,1.0,,,,1.0
47466,1.0,,,,1.0
57255,1.0,,,,1.0
9150,2.0,,2.0,,4.0
62247,1.0,,,,1.0
206539,1.0,,1.0,,2.0
132774,2.0,,,,2.0
65530,1.0,,,,1.0
150510,1.0,,,,1.0
135735,2.0,,,,2.0
135158,1.0,,,,1.0
136202,1.0,,,,1.0
38150,1.0,,,,1.0
136828,1.0,,,,1.0
7717,1.0,,,,1.0
137080,1.0,,,,1.0
136879,1.0,,,,1.0
137109,1.0,,,,1.0
139735,1.0,1.0,,,2.0
137342,1.0,,,,1.0
137375,1.0,,,,1.0
138078,1.0,,,,1.0
138267,2.0,,,,2.0
140948,1.0,,,,1.0
141310,2.0,,,,2.0
147209,2.0,,,,2.0
24005,1.0,1.0,,,2.0
265898,1.0,,,,1.0
263509,1.0,,,,1.0
265985,1.0,,,,1.0
17289,2.0,,,,2.0
20868,1.0,,,,1.0
13712,2.0,,,,2.0
200166,2.0,,,,2.0
16717,1.0,,,,1.0
262422,1.0,,1.0,,2.0
270014,2.0,1.0,,2.0,5.0
265958,2.0,,,,2.0
265804,1.0,,1.0,,2.0
400236,2.0,,,,2.0
53186,1.0,,,,1.0
264852,2.0,,,,2.0
262541,1.0,,1.0,,2.0
262581,1.0,,1.0,,2.0
28532,2.0,1.0,2.0,1.0,6.0
11419,1.0,,,,1.0
271448,1.0,1.0,,,2.0
32186,2.0,,,,2.0
200070,2.0,,,,2.0
60158,1.0,,,,1.0
59471,1.0,,,,1.0
211083,1.0,,,,1.0
204184,1.0,,,,1.0
270242,1.0,,,,1.0
270362,1.0,1.0,1.0,1.0,4.0
210020,2.0,,,,2.0
270706,1.0,,1.0,,2.0
270356,1.0,,1.0,,2.0
19456,1.0,,,,1.0
204288,1.0,,,,1.0
15779,1.0,,1.0,,2.0
198175,1.0,,,,1.0
41294,1.0,,,,1.0
198168,1.0,,,,1.0
16274,2.0,,,,2.0
34805,2.0,,,,2.0
21355,2.0,,,,2.0
60193,1.0,,,,1.0
204461,1.0,,,,1.0
206104,1.0,,,,1.0
213009,1.0,,,,1.0
268313,1.0,,,,1.0
399925,1.0,,1.0,,2.0
36210,2.0,2.0,,,4.0
52413,2.0,,,,2.0
27872,2.0,,,,2.0
55709,1.0,,,,1.0
399877,1.0,,,,1.0
32927,1.0,,,,1.0
12750,1.0,,,,1.0
60190,1.0,,,,1.0
15964,1.0,,,,1.0
11855,1.0,,,,1.0
3249,2.0,,,,2.0
13127,1.0,,1.0,,2.0
198792,1.0,,,,1.0
6855,1.0,,,,1.0
59494,1.0,,,,1.0
136897,1.0,,,,1.0
7784,1.0,,,,1.0
24429,1.0,,,,1.0
13414,1.0,,,,1.0
14638,1.0,,,,1.0
62538,1.0,,,,1.0
39138,1.0,1.0,1.0,1.0,4.0
46997,1.0,,,,1.0
22689,1.0,,,,1.0
131219,2.0,,,,2.0
56910,1.0,,,,1.0
25472,1.0,,,1.0,2.0
198477,1.0,,,,1.0
61102,1.0,,,,1.0
64126,1.0,,,,1.0
266409,1.0,,,,1.0
262847,1.0,1.0,,,2.0
8048,2.0,,,,2.0
272011,1.0,1.0,,,2.0
264837,1.0,,,,1.0
28343,2.0,,,,2.0
394334,1.0,,,,1.0
262490,2.0,,,,2.0
135300,2.0,2.0,2.0,,6.0
55944,1.0,,,,1.0
136374,1.0,,,,1.0
136168,2.0,,,,2.0
135784,1.0,,,,1.0
10084,2.0,,,,2.0
56258,1.0,,,,1.0
262594,1.0,,1.0,,2.0
262502,1.0,,,,1.0
262818,1.0,,,,1.0
52747,2.0,,,,2.0
266120,1.0,,,,1.0
268788,1.0,,,,1.0
28649,1.0,,,,1.0
266613,1.0,,1.0,,2.0
269822,1.0,,,,1.0
269595,1.0,,,,1.0
36268,1.0,,,,1.0
133301,1.0,,1.0,,2.0
208557,1.0,,,,1.0
209642,1.0,,,1.0,2.0
262411,1.0,,,,1.0
263269,2.0,,,,2.0
268413,2.0,,2.0,,4.0
262199,1.0,,,,1.0
262595,1.0,1.0,,,2.0
52980,2.0,,,,2.0
263152,1.0,,,,1.0
269311,1.0,,,,1.0
61923,2.0,,,,2.0
264872,1.0,,,,1.0
22177,1.0,,,,1.0
268804,2.0,2.0,,,4.0
267818,2.0,,,,2.0
268828,1.0,,,,1.0
268883,1.0,2.0,1.0,1.0,5.0
266519,1.0,1.0,,,2.0
263077,1.0,2.0,,,3.0
264824,1.0,,1.0,,2.0
269359,2.0,,,,2.0
265612,1.0,1.0,1.0,1.0,4.0
18233,2.0,,,,2.0
263769,2.0,,,,2.0
266707,1.0,,,,1.0
267327,1.0,,,,1.0
60592,1.0,,,,1.0
55470,1.0,,,,1.0
38203,1.0,,,,1.0
14615,1.0,1.0,,,2.0
32554,1.0,,,,1.0
23918,1.0,,,,1.0
396558,1.0,,1.0,,2.0
62915,1.0,,,,1.0
210220,2.0,1.0,,,3.0
15471,1.0,,,,1.0
206735,1.0,,1.0,,2.0
52153,1.0,,,,1.0
30923,1.0,,,,1.0
43626,1.0,,,,1.0
20889,2.0,,,,2.0
42608,1.0,1.0,1.0,,3.0
21449,2.0,,,,2.0
57007,1.0,,,,1.0
57058,2.0,,,,2.0
197294,1.0,,,,1.0
203937,1.0,,,,1.0
55688,2.0,,,,2.0
329151,1.0,,,,1.0
63399,1.0,,,,1.0
59273,2.0,,,,2.0
63971,1.0,,,,1.0
135594,2.0,,,,2.0
148968,1.0,,,,1.0
150613,1.0,,,,1.0
150467,1.0,,,,1.0
137818,2.0,,2.0,,4.0
138112,1.0,,,,1.0
138543,2.0,,,,2.0
135584,1.0,,,,1.0
139799,1.0,,,,1.0
140633,1.0,,,,1.0
141766,1.0,,,,1.0
150946,1.0,,,,1.0
16803,1.0,,,,1.0
61493,2.0,,,,2.0
262962,1.0,,1.0,,2.0
278,1.0,,1.0,1.0,3.0
264528,1.0,,,,1.0
262159,1.0,,,,1.0
262346,1.0,,,,1.0
17108,1.0,,,,1.0
263035,2.0,1.0,,,3.0
263904,2.0,2.0,,,4.0
213316,1.0,,,,1.0
263668,1.0,,,,1.0
265152,1.0,,,,1.0
28550,1.0,,,,1.0
21207,1.0,,1.0,,2.0
327802,1.0,,1.0,,2.0
40102,1.0,,1.0,,2.0
265281,1.0,,,,1.0
265414,2.0,,,,2.0
266446,1.0,,,,1.0
266321,1.0,,,,1.0
399668,1.0,,,,1.0
262465,1.0,,,,1.0
272505,1.0,,,,1.0
271136,2.0,1.0,,,3.0
270813,1.0,,1.0,,2.0
28615,1.0,,,,1.0
263195,1.0,,,,1.0
271301,1.0,1.0,,,2.0
200052,1.0,,,,1.0
204072,2.0,,,,2.0
57777,1.0,,,,1.0
205689,1.0,,,,1.0
262189,1.0,,2.0,,3.0
262826,1.0,,,,1.0
269720,2.0,1.0,1.0,,4.0
267538,1.0,,,,1.0
269947,2.0,,,,2.0
197000,1.0,,,,1.0
212485,1.0,,,,1.0
2484,1.0,,,,1.0
197440,1.0,,,,1.0
395320,1.0,,,,1.0
36301,1.0,,,,1.0
27731,1.0,,,,1.0
46042,1.0,1.0,,,2.0
23660,2.0,,,,2.0
45218,1.0,,,,1.0
46218,1.0,,,,1.0
9487,2.0,,,,2.0
400718,1.0,,1.0,,2.0
3561,1.0,,,,1.0
9318,1.0,,,,1.0
23724,1.0,,,,1.0
9505,1.0,1.0,,,2.0
12222,1.0,,,,1.0
21342,1.0,1.0,,,2.0
31216,1.0,,,,1.0
8455,1.0,,,,1.0
55081,1.0,,1.0,,2.0
12637,1.0,,,,1.0
24724,1.0,,,,1.0
52925,1.0,,,,1.0
6128,1.0,,,,1.0
39835,1.0,,,,1.0
50581,1.0,,,,1.0
38195,1.0,,,,1.0
45102,1.0,,,,1.0
198906,1.0,,,,1.0
577,1.0,,,,1.0
12129,1.0,,,,1.0
265855,1.0,,,,1.0
6253,1.0,,1.0,,2.0
10584,1.0,,,,1.0
46216,1.0,,,,1.0
4750,1.0,,,,1.0
45430,1.0,,,,1.0
10242,1.0,1.0,,,2.0
8757,1.0,,,,1.0
400517,1.0,1.0,,,2.0
16164,1.0,,,,1.0
151188,1.0,,,,1.0
46246,1.0,,1.0,,2.0
394968,1.0,,,,1.0
266951,1.0,,,,1.0
265684,1.0,,,,1.0
45582,1.0,1.0,,,2.0
29648,1.0,,,,1.0
41750,1.0,,,,1.0
61157,1.0,,,,1.0
39180,1.0,,,,1.0
61595,1.0,,,,1.0
395321,1.0,,,,1.0
14754,1.0,,,,1.0
36908,1.0,,,,1.0
37249,1.0,,1.0,,2.0
29091,1.0,,,,1.0
327738,1.0,,,,1.0
327782,1.0,,,,1.0
37020,1.0,,,,1.0
36951,1.0,,,,1.0
133111,1.0,,1.0,,2.0
24534,1.0,,,,1.0
211495,1.0,1.0,,,2.0
265819,1.0,,1.0,,2.0
269416,1.0,,,,1.0
39923,1.0,,,,1.0
208638,1.0,,1.0,,2.0
61970,1.0,,,,1.0
39371,1.0,,1.0,,2.0
15589,1.0,,,,1.0
39384,1.0,,,,1.0
264161,1.0,,,,1.0
263910,1.0,,,,1.0
268483,1.0,,,,1.0
265482,1.0,,,,1.0
28169,1.0,,1.0,,2.0
268829,1.0,,,,1.0
53153,1.0,,,,1.0
269747,1.0,,1.0,,2.0
262900,1.0,1.0,1.0,,3.0
271331,1.0,,1.0,,2.0
53047,1.0,,,,1.0
52508,1.0,,,,1.0
267398,1.0,1.0,,,2.0
268317,1.0,,,,1.0
13247,1.0,,,,1.0
212217,1.0,,,,1.0
30058,1.0,,,,1.0
136457,1.0,,,,1.0
51957,1.0,,,,1.0
26949,1.0,,,,1.0
7861,1.0,,1.0,,2.0
6404,1.0,,,,1.0
30325,1.0,1.0,,1.0,3.0
63010,1.0,,,,1.0
19528,1.0,1.0,,,2.0
23053,1.0,,,,1.0
266165,1.0,1.0,1.0,1.0,4.0
19904,1.0,,,,1.0
395442,1.0,,,,1.0
213202,1.0,,,,1.0
49234,1.0,,,,1.0
197790,1.0,,,,1.0
12759,1.0,,,,1.0
199118,1.0,,,,1.0
205550,1.0,,,,1.0
199568,1.0,,,,1.0
198225,1.0,1.0,,,2.0
28899,1.0,,,,1.0
205774,1.0,,,,1.0
48089,1.0,,,,1.0
56619,1.0,,,,1.0
45001,1.0,,,,1.0
328317,1.0,,,,1.0
134804,1.0,,,,1.0
131268,1.0,,,,1.0
55366,1.0,,,,1.0
150659,1.0,1.0,1.0,1.0,4.0
136654,1.0,,,,1.0
138934,1.0,,,,1.0
141293,1.0,,,,1.0
38204,1.0,,,,1.0
141961,1.0,,,,1.0
141842,1.0,,,,1.0
38224,1.0,,,,1.0
265892,1.0,,,,1.0
53135,1.0,,1.0,,2.0
264544,1.0,1.0,,,2.0
32611,1.0,1.0,,,2.0
5409,1.0,,,,1.0
265166,1.0,,1.0,,2.0
5722,1.0,,,,1.0
264864,1.0,,,,1.0
19865,1.0,,,,1.0
263338,1.0,,,,1.0
17044,1.0,,,,1.0
263496,1.0,,1.0,,2.0
271020,1.0,,,,1.0
270847,1.0,1.0,,,2.0
271533,1.0,1.0,,,2.0
207221,1.0,,,,1.0
9104,1.0,,,,1.0
205011,1.0,,,,1.0
211357,1.0,,,,1.0
263022,1.0,,,,1.0
28267,1.0,,,,1.0
271138,1.0,,,,1.0
28298,1.0,,,,1.0
63151,1.0,,,,1.0
328607,1.0,,,,1.0
35306,1.0,,,,1.0
51068,1.0,,,,1.0
54821,1.0,,,,1.0
17238,1.0,,,,1.0
263182,1.0,,,,1.0
270138,1.0,,1.0,,2.0
52437,1.0,,,,1.0
26118,1.0,,,,1.0
270282,1.0,,,,1.0
24209,1.0,,,,1.0
45749,1.0,,,,1.0
53643,1.0,,,,1.0
63226,1.0,,,,1.0
3462,,1.0,6.0,,7.0
8218,,3.0,,,3.0
29396,,1.0,,,1.0
12859,,1.0,,,1.0
49434,,3.0,,,3.0
212567,,6.0,,,6.0
5610,,1.0,,,1.0
8772,,2.0,,,2.0
8849,,2.0,,,2.0
197155,,7.0,,,7.0
29632,,6.0,,,6.0
29467,,1.0,,,1.0
213230,,2.0,2.0,,4.0
39305,,1.0,,,1.0
34019,,1.0,,,1.0
44530,,1.0,,,1.0
41653,,1.0,,,1.0
27947,,2.0,,3.0,5.0
62943,,2.0,5.0,,7.0
14244,,6.0,,,6.0
21700,,11.0,,,11.0
3204,,1.0,,,1.0
394378,,1.0,,,1.0
46995,,1.0,,1.0,2.0
262355,,9.0,,,9.0
17547,,2.0,,,2.0
21433,,1.0,,1.0,2.0
10310,,8.0,,,8.0
34863,,1.0,,,1.0
15935,,1.0,,,1.0
50837,,3.0,,,3.0
20495,,4.0,,,4.0
50763,,3.0,,2.0,5.0
58601,,6.0,,,6.0
25459,,1.0,,,1.0
271791,,1.0,1.0,2.0,4.0
262596,,1.0,,1.0,2.0
269820,,2.0,1.0,,3.0
263097,,3.0,,,3.0
36924,,1.0,,,1.0
50628,,1.0,,,1.0
28189,,1.0,,,1.0
267575,,1.0,,,1.0
264525,,2.0,,9.0,11.0
57179,,1.0,,,1.0
15562,,11.0,,,11.0
62000,,1.0,,,1.0
268200,,1.0,,8.0,9.0
268690,,2.0,,,2.0
263047,,3.0,,,3.0
263327,,5.0,,,5.0
272769,,2.0,,2.0,4.0
269587,,1.0,,,1.0
39288,,10.0,,,10.0
25220,,1.0,,,1.0
48426,,1.0,,1.0,2.0
42385,,3.0,,1.0,4.0
60679,,1.0,,,1.0
209193,,1.0,2.0,1.0,4.0
34233,,1.0,,,1.0
48921,,1.0,,,1.0
205582,,2.0,,,2.0
63293,,1.0,3.0,4.0,8.0
328714,,2.0,,,2.0
131464,,1.0,,,1.0
141253,,1.0,2.0,,3.0
396367,,1.0,,,1.0
52751,,1.0,,,1.0
264013,,9.0,,,9.0
47648,,1.0,,,1.0
13506,,6.0,,,6.0
140731,,6.0,,,6.0
52869,,2.0,,,2.0
262381,,1.0,,,1.0
35717,,1.0,,,1.0
198101,,1.0,,,1.0
202096,,1.0,,,1.0
15645,,3.0,,,3.0
203352,,1.0,,,1.0
207537,,1.0,,,1.0
205049,,1.0,2.0,1.0,4.0
31649,,9.0,,,9.0
197058,,1.0,,,1.0
25238,,1.0,,1.0,2.0
271302,,1.0,,,1.0
213045,,7.0,,,7.0
151194,,1.0,,1.0,2.0
39753,,6.0,,,6.0
136535,,2.0,,,2.0
212995,,3.0,,1.0,4.0
35619,,4.0,,,4.0
200890,,1.0,,,1.0
206315,,1.0,,,1.0
207338,,1.0,,,1.0
203664,,3.0,,,3.0
38040,,3.0,,,3.0
49870,,2.0,,,2.0
203779,,1.0,,,1.0
23352,,1.0,,,1.0
9678,,2.0,,,2.0
24961,,6.0,,,6.0
2027,,3.0,,,3.0
22911,,2.0,,,2.0
42,,4.0,,,4.0
20539,,2.0,,,2.0
13004,,4.0,,,4.0
6877,,5.0,,,5.0
265264,,1.0,,,1.0
131270,,2.0,,,2.0
262476,,6.0,,,6.0
139057,,1.0,,1.0,2.0
202365,,5.0,,,5.0
63969,,2.0,2.0,,4.0
35807,,2.0,,1.0,3.0
266142,,1.0,,,1.0
272541,,1.0,,,1.0
262734,,1.0,,,1.0
268815,,1.0,,,1.0
267079,,2.0,,,2.0
269553,,1.0,,,1.0
28300,,1.0,,,1.0
269366,,1.0,,,1.0
267050,,1.0,,,1.0
269649,,1.0,,,1.0
266914,,1.0,,,1.0
266959,,1.0,,,1.0
263649,,4.0,,,4.0
262567,,1.0,,,1.0
43962,,5.0,,5.0,10.0
7633,,2.0,2.0,2.0,6.0
138621,,1.0,4.0,,5.0
209650,,1.0,,,1.0
140442,,5.0,,,5.0
141988,,2.0,,,2.0
61637,,3.0,,5.0,8.0
265914,,1.0,,,1.0
61900,,1.0,,,1.0
200478,,1.0,,,1.0
262978,,1.0,,,1.0
265148,,1.0,,,1.0
52625,,1.0,,,1.0
28250,,1.0,,1.0,2.0
52802,,1.0,,,1.0
61802,,1.0,,,1.0
271211,,1.0,,,1.0
53075,,1.0,,,1.0
262311,,1.0,,,1.0
52781,,1.0,,,1.0
271074,,1.0,,,1.0
263539,,1.0,,,1.0
27941,,1.0,,,1.0
266216,,2.0,,2.0,4.0
270293,,1.0,,,1.0
141237,,5.0,,,5.0
207445,,5.0,,,5.0
203333,,5.0,,,5.0
203024,,4.0,,,4.0
40630,,2.0,,,2.0
8881,,2.0,1.0,,3.0
21412,,2.0,,,2.0
16302,,1.0,,,1.0
30781,,8.0,,,8.0
60880,,1.0,,1.0,2.0
721,,2.0,7.0,,9.0
3770,,1.0,1.0,,2.0
21575,,4.0,1.0,,5.0
394256,,1.0,1.0,,2.0
399868,,1.0,,,1.0
28663,,1.0,,,1.0
23487,,2.0,,,2.0
263703,,2.0,,,2.0
21570,,4.0,,4.0,8.0
58505,,1.0,,,1.0
28284,,1.0,,,1.0
266602,,1.0,,,1.0
52901,,2.0,,,2.0
264589,,2.0,,,2.0
28434,,1.0,,1.0,2.0
265615,,1.0,,,1.0
61478,,1.0,,,1.0
27647,,2.0,,,2.0
43623,,2.0,,,2.0
136308,,1.0,,,1.0
137102,,1.0,,,1.0
7516,,1.0,,,1.0
141621,,4.0,,,4.0
142470,,1.0,,,1.0
134909,,1.0,,,1.0
264580,,1.0,,,1.0
28360,,1.0,,,1.0
270119,,1.0,,,1.0
265189,,1.0,2.0,1.0,4.0
266430,,2.0,,,2.0
61486,,2.0,,,2.0
52442,,1.0,,1.0,2.0
27875,,2.0,,2.0,4.0
28107,,1.0,,1.0,2.0
52314,,2.0,,,2.0
264630,,2.0,,2.0,4.0
28548,,2.0,,,2.0
64475,,4.0,,,4.0
204382,,4.0,,4.0,8.0
272435,,2.0,,,2.0
39526,,2.0,,,2.0
270885,,2.0,,,2.0
265627,,1.0,,2.0,3.0
272910,,2.0,,,2.0
271670,,2.0,,1.0,3.0
199605,,7.0,,7.0,14.0
213262,,4.0,,1.0,5.0
211380,,4.0,,,4.0
6025,,2.0,,2.0,4.0
139328,,3.0,,1.0,4.0
199763,,5.0,,,5.0
46450,,2.0,,,2.0
134756,,4.0,,6.0,10.0
54825,,1.0,,,1.0
44066,,1.0,,,1.0
28968,,1.0,,,1.0
208722,,1.0,,,1.0
7979,,2.0,,,2.0
18450,,2.0,,,2.0
53850,,2.0,,,2.0
60011,,2.0,,,2.0
395605,,1.0,,,1.0
203314,,2.0,,,2.0
54133,,5.0,,,5.0
28158,,3.0,,,3.0
63916,,1.0,,,1.0
48500,,1.0,,1.0,2.0
24389,,4.0,,5.0,9.0
263702,,1.0,2.0,,3.0
27901,,2.0,,,2.0
263127,,3.0,,,3.0
263238,,2.0,,2.0,4.0
272808,,1.0,,1.0,2.0
37302,,2.0,,,2.0
10032,,2.0,,,2.0
210041,,2.0,,,2.0
266152,,1.0,,,1.0
64089,,1.0,,1.0,2.0
19679,,1.0,,,1.0
59239,,1.0,,,1.0
53005,,4.0,,,4.0
267953,,2.0,,,2.0
268817,,3.0,,,3.0
61468,,2.0,,,2.0
52971,,3.0,2.0,,5.0
266924,,2.0,,2.0,4.0
267256,,1.0,,,1.0
38136,,2.0,,,2.0
39904,,2.0,,,2.0
40523,,2.0,,,2.0
8423,,2.0,,1.0,3.0
44291,,2.0,,,2.0
25376,,1.0,,,1.0
63801,,2.0,,,2.0
45785,,1.0,,1.0,2.0
265762,,2.0,,2.0,4.0
272043,,2.0,,,2.0
264918,,1.0,1.0,,2.0
270092,,1.0,,1.0,2.0
272094,,1.0,,1.0,2.0
61107,,2.0,,,2.0
270306,,2.0,,,2.0
47995,,1.0,,,1.0
32336,,1.0,,1.0,2.0
38173,,3.0,,,3.0
204307,,1.0,,1.0,2.0
199918,,2.0,,,2.0
60445,,2.0,,2.0,4.0
203472,,2.0,,,2.0
149423,,4.0,,,4.0
201217,,3.0,,1.0,4.0
28695,,1.0,,1.0,2.0
198714,,1.0,,1.0,2.0
200952,,1.0,,1.0,2.0
202427,,6.0,,,6.0
207079,,1.0,,,1.0
199613,,2.0,,,2.0
202929,,4.0,,,4.0
213164,,2.0,,,2.0
57521,,2.0,,,2.0
202151,,3.0,,,3.0
18403,,2.0,2.0,1.0,5.0
12843,,3.0,1.0,3.0,7.0
35277,,1.0,,3.0,4.0
8641,,1.0,2.0,,3.0
203417,,1.0,,,1.0
42263,,2.0,,,2.0
136039,,2.0,,,2.0
10913,,2.0,,,2.0
21559,,1.0,,,1.0
6233,,2.0,,,2.0
212483,,4.0,,1.0,5.0
25862,,1.0,,1.0,2.0
398447,,2.0,,,2.0
56704,,1.0,,,1.0
211398,,2.0,,,2.0
62513,,2.0,,,2.0
396055,,1.0,,,1.0
37497,,1.0,,,1.0
24691,,2.0,2.0,,4.0
212123,,2.0,,,2.0
206477,,2.0,,,2.0
42394,,2.0,,,2.0
211244,,2.0,,,2.0
205102,,2.0,,,2.0
205531,,2.0,,,2.0
8298,,2.0,,,2.0
4842,,2.0,,,2.0
57883,,2.0,,,2.0
267973,,2.0,,,2.0
61586,,1.0,,,1.0
208702,,2.0,,,2.0
212635,,2.0,,,2.0
268563,,2.0,,,2.0
264105,,1.0,,1.0,2.0
64114,,2.0,,,2.0
262424,,2.0,,,2.0
269579,,2.0,,2.0,4.0
400042,,2.0,,,2.0
198408,,2.0,,,2.0
207490,,1.0,,,1.0
51744,,1.0,,,1.0
49423,,1.0,,1.0,2.0
57401,,2.0,,,2.0
137490,,1.0,,1.0,2.0
210103,,2.0,,,2.0
17138,,2.0,,,2.0
271028,,1.0,,1.0,2.0
39822,,1.0,,,1.0
41009,,1.0,,,1.0
211037,,2.0,,,2.0
204253,,1.0,,1.0,2.0
207803,,2.0,,,2.0
270542,,1.0,,1.0,2.0
112,,2.0,,,2.0
200132,,2.0,,,2.0
16701,,2.0,,,2.0
270271,,4.0,,,4.0
141694,,5.0,,,5.0
209075,,2.0,,,2.0
212746,,2.0,,,2.0
213204,,2.0,,,2.0
213092,,2.0,,1.0,3.0
205593,,2.0,,,2.0
212518,,2.0,,,2.0
211088,,2.0,,,2.0
205088,,4.0,,,4.0
51861,,2.0,,,2.0
8949,,2.0,,,2.0
210941,,4.0,,,4.0
210833,,2.0,,,2.0
200270,,1.0,,,1.0
210577,,2.0,,,2.0
56662,,2.0,,,2.0
207394,,2.0,,,2.0
211696,,2.0,,,2.0
211671,,2.0,,,2.0
212129,,2.0,,,2.0
209022,,2.0,,,2.0
207424,,2.0,,,2.0
209300,,2.0,,,2.0
142281,,2.0,,,2.0
134993,,2.0,,,2.0
212360,,2.0,,,2.0
205432,,4.0,,,4.0
207071,,2.0,,,2.0
213361,,2.0,,,2.0
142130,,2.0,,2.0,4.0
212425,,2.0,,,2.0
399196,,2.0,,,2.0
204508,,5.0,,,5.0
207941,,4.0,,,4.0
210932,,2.0,,,2.0
212085,,2.0,,,2.0
207740,,4.0,,,4.0
211869,,2.0,,,2.0
208434,,2.0,,,2.0
212856,,2.0,,,2.0
207613,,2.0,,,2.0
205183,,2.0,,,2.0
204438,,2.0,,,2.0
207149,,2.0,,,2.0
210481,,2.0,,,2.0
213015,,2.0,,,2.0
209261,,2.0,,,2.0
212767,,2.0,,,2.0
211168,,2.0,,,2.0
211688,,2.0,,,2.0
210076,,2.0,,,2.0
208370,,2.0,,,2.0
204982,,2.0,,,2.0
213244,,2.0,,,2.0
61421,,2.0,,,2.0
209164,,2.0,,,2.0
4134,,4.0,,,4.0
8368,,1.0,,,1.0
31042,,1.0,,,1.0
13030,,6.0,,,6.0
25180,,4.0,,,4.0
28725,,1.0,,,1.0
396356,,2.0,,,2.0
1853,,4.0,,,4.0
49367,,1.0,,,1.0
47869,,4.0,,,4.0
200105,,4.0,,,4.0
132116,,1.0,,,1.0
136258,,1.0,,1.0,2.0
12337,,4.0,,,4.0
53181,,4.0,,4.0,8.0
205329,,4.0,,,4.0
264195,,3.0,,,3.0
136334,,1.0,,,1.0
263250,,2.0,,,2.0
266588,,1.0,,1.0,2.0
52696,,2.0,,,2.0
34790,,2.0,,2.0,4.0
135724,,2.0,,,2.0
2635,,5.0,,3.0,8.0
12306,,4.0,,,4.0
61758,,4.0,,5.0,9.0
263270,,3.0,,,3.0
267069,,1.0,,,1.0
61754,,2.0,,,2.0
267757,,1.0,2.0,1.0,4.0
268334,,2.0,,,2.0
30827,,1.0,,,1.0
12817,,4.0,,,4.0
15716,,2.0,,,2.0
135722,,1.0,,1.0,2.0
142454,,2.0,,,2.0
150183,,1.0,,1.0,2.0
147254,,2.0,,,2.0
60924,,1.0,,,1.0
1251,,2.0,,,2.0
1104,,2.0,,,2.0
209510,,2.0,,,2.0
264894,,1.0,,1.0,2.0
271651,,1.0,,1.0,2.0
203226,,2.0,,,2.0
212241,,1.0,,1.0,2.0
34516,,1.0,,,1.0
131171,,3.0,,1.0,4.0
212789,,4.0,,,4.0
209933,,4.0,,,4.0
207411,,4.0,,,4.0
59570,,4.0,,,4.0
210562,,2.0,,,2.0
209460,,2.0,,,2.0
202729,,4.0,,,4.0
212900,,2.0,,,2.0
201377,,2.0,,,2.0
202952,,4.0,,,4.0
200368,,2.0,,,2.0
200258,,4.0,,,4.0
210199,,2.0,,,2.0
272546,,1.0,,,1.0
209652,,4.0,,,4.0
210633,,4.0,,,4.0
211358,,2.0,,,2.0
203062,,2.0,,,2.0
202828,,4.0,,,4.0
213086,,4.0,,,4.0
199680,,2.0,,,2.0
212888,,4.0,,,4.0
200455,,3.0,,1.0,4.0
213293,,4.0,,1.0,5.0
207299,,4.0,,,4.0
200118,,2.0,,,2.0
211685,,2.0,,,2.0
212120,,4.0,,,4.0
47157,,2.0,,,2.0
212568,,4.0,,,4.0
204017,,4.0,,,4.0
57797,,4.0,,,4.0
198590,,2.0,,,2.0
202278,,2.0,,,2.0
47914,,1.0,,,1.0
5398,,1.0,,,1.0
42156,,2.0,,,2.0
58243,,1.0,,,1.0
29550,,1.0,,,1.0
44477,,1.0,,1.0,2.0
56655,,2.0,,,2.0
270497,,2.0,1.0,,3.0
20546,,1.0,2.0,,3.0
269261,,1.0,,1.0,2.0
269096,,1.0,,,1.0
37187,,1.0,,,1.0
9657,,1.0,,,1.0
4007,,1.0,,,1.0
53237,,2.0,,,2.0
266097,,2.0,,,2.0
269646,,2.0,,,2.0
267113,,2.0,,,2.0
266201,,3.0,,,3.0
263880,,2.0,,,2.0
266574,,1.0,,,1.0
269478,,1.0,,,1.0
61659,,2.0,,,2.0
48399,,3.0,,,3.0
208236,,1.0,,,1.0
264359,,2.0,,,2.0
268449,,1.0,,1.0,2.0
269138,,1.0,,,1.0
264129,,1.0,2.0,,3.0
263400,,2.0,,,2.0
268961,,2.0,,,2.0
269270,,1.0,,,1.0
270796,,1.0,,,1.0
269388,,1.0,,1.0,2.0
269531,,2.0,,,2.0
264255,,2.0,,,2.0
268210,,2.0,,,2.0
28326,,2.0,,,2.0
26930,,1.0,,1.0,2.0
62167,,1.0,,,1.0
37356,,1.0,1.0,,2.0
136047,,1.0,,1.0,2.0
63800,,1.0,,1.0,2.0
133266,,2.0,,,2.0
65534,,3.0,,3.0,6.0
264433,,2.0,,,2.0
264200,,2.0,,,2.0
36821,,1.0,,,1.0
272730,,2.0,,,2.0
270700,,2.0,,,2.0
202870,,1.0,,,1.0
56803,,1.0,,,1.0
270991,,1.0,,,1.0
27500,,2.0,,,2.0
61922,,1.0,,,1.0
142551,,1.0,,,1.0
48581,,1.0,,1.0,2.0
208548,,1.0,,,1.0
207852,,3.0,,,3.0
203888,,1.0,,,1.0
203169,,2.0,,,2.0
206125,,1.0,,1.0,2.0
59922,,3.0,,,3.0
198480,,2.0,,,2.0
34465,,1.0,,1.0,2.0
9050,,3.0,,,3.0
44592,,1.0,,,1.0
6805,,3.0,,,3.0
6866,,3.0,,3.0,6.0
36351,,3.0,,,3.0
51088,,2.0,,,2.0
5578,,3.0,,,3.0
20810,,3.0,,3.0,6.0
29691,,2.0,,,2.0
49808,,3.0,,,3.0
43142,,2.0,,2.0,4.0
32181,,3.0,,3.0,6.0
2518,,1.0,,,1.0
23379,,1.0,,,1.0
262468,,2.0,,,2.0
59103,,1.0,,,1.0
41313,,1.0,,,1.0
15763,,3.0,,,3.0
15743,,3.0,,3.0,6.0
12615,,1.0,,,1.0
8346,,1.0,1.0,,2.0
36972,,1.0,2.0,1.0,4.0
265038,,1.0,,,1.0
266036,,1.0,,,1.0
264127,,1.0,,,1.0
263935,,1.0,,,1.0
52680,,1.0,,,1.0
52871,,1.0,,,1.0
61423,,3.0,,,3.0
51185,,3.0,,2.0,5.0
268502,,1.0,,,1.0
267442,,1.0,,1.0,2.0
266413,,2.0,,2.0,4.0
271049,,1.0,,,1.0
271084,,1.0,,,1.0
33353,,3.0,,3.0,6.0
393560,,1.0,1.0,1.0,3.0
59105,,1.0,,,1.0
16316,,3.0,,3.0,6.0
328825,,1.0,1.0,1.0,3.0
201246,,2.0,,,2.0
146980,,1.0,,,1.0
61724,,1.0,,1.0,2.0
15486,,3.0,,3.0,6.0
25996,,1.0,,,1.0
52794,,1.0,,,1.0
270385,,2.0,,1.0,3.0
262313,,1.0,,,1.0
20672,,2.0,,,2.0
8892,,1.0,,,1.0
205504,,1.0,,,1.0
204882,,3.0,,,3.0
272442,,1.0,,1.0,2.0
202197,,1.0,,1.0,2.0
3170,,1.0,,,1.0
60610,,1.0,,,1.0
207713,,1.0,1.0,1.0,3.0
8308,,1.0,,,1.0
44574,,1.0,,,1.0
47674,,1.0,,,1.0
45916,,1.0,,,1.0
150576,,1.0,,1.0,2.0
293,,2.0,,,2.0
513,,2.0,,,2.0
5670,,1.0,,,1.0
16904,,1.0,,,1.0
265330,,1.0,,,1.0
45498,,1.0,,,1.0
61029,,1.0,,1.0,2.0
28458,,1.0,,,1.0
263167,,1.0,,1.0,2.0
41108,,2.0,,,2.0
201290,,2.0,,,2.0
262732,,1.0,,,1.0
268417,,2.0,,,2.0
270890,,2.0,,,2.0
269107,,1.0,2.0,1.0,4.0
42909,,1.0,,,1.0
207421,,2.0,,,2.0
328512,,1.0,,,1.0
38272,,2.0,,,2.0
3755,,1.0,,1.0,2.0
264096,,1.0,,,1.0
52535,,2.0,,,2.0
265788,,1.0,2.0,1.0,4.0
208796,,1.0,,1.0,2.0
52224,,1.0,,,1.0
28001,,1.0,,,1.0
265450,,2.0,,,2.0
211509,,1.0,,,1.0
51019,,1.0,,1.0,2.0
44406,,2.0,,,2.0
151349,,1.0,,,1.0
199668,,1.0,,1.0,2.0
3292,,1.0,,,1.0
24482,,1.0,,,1.0
134739,,2.0,,,2.0
13188,,1.0,,,1.0
263940,,1.0,,,1.0
52554,,1.0,,,1.0
263432,,1.0,,,1.0
263258,,2.0,,,2.0
61582,,1.0,,,1.0
269862,,2.0,,,2.0
396568,,1.0,2.0,1.0,4.0
49673,,1.0,,,1.0
131160,,2.0,,,2.0
140189,,1.0,,,1.0
134840,,1.0,,,1.0
61702,,2.0,,,2.0
264327,,1.0,,,1.0
61894,,1.0,,,1.0
52687,,1.0,,,1.0
270990,,1.0,,,1.0
207013,,1.0,,1.0,2.0
139317,,1.0,,,1.0
200306,,2.0,,,2.0
207076,,2.0,,,2.0
212037,,2.0,,,2.0
61298,,1.0,,1.0,2.0
211604,,2.0,,,2.0
199488,,2.0,,,2.0
212510,,2.0,,,2.0
26533,,2.0,,,2.0
198473,,1.0,,,1.0
29208,,1.0,,,1.0
21320,,1.0,,,1.0
15440,,1.0,,,1.0
33132,,1.0,,,1.0
13652,,1.0,,1.0,2.0
33185,,1.0,,,1.0
138997,,1.0,,,1.0
58952,,1.0,,,1.0
43440,,1.0,,,1.0
136933,,1.0,,,1.0
272979,,1.0,,,1.0
30985,,1.0,,,1.0
8283,,1.0,,,1.0
7721,,1.0,,1.0,2.0
207755,,1.0,,,1.0
52840,,1.0,,,1.0
10733,,1.0,,,1.0
266607,,1.0,,,1.0
28361,,1.0,,,1.0
269221,,1.0,,,1.0
268448,,1.0,,,1.0
272443,,1.0,,,1.0
268047,,1.0,,,1.0
272691,,1.0,,,1.0
269519,,1.0,,,1.0
266986,,1.0,,,1.0
209218,,1.0,,1.0,2.0
396481,,1.0,,1.0,2.0
2847,,1.0,,,1.0
47999,,1.0,,,1.0
329095,,1.0,,,1.0
23374,,1.0,,,1.0
272597,,1.0,,,1.0
270325,,1.0,,1.0,2.0
393420,,1.0,,,1.0
266235,,1.0,,1.0,2.0
9067,,1.0,,,1.0
134478,,1.0,,,1.0
150323,,1.0,,1.0,2.0
142164,,1.0,,1.0,2.0
273714,,1.0,,,1.0
273741,,1.0,,,1.0
206919,,1.0,,1.0,2.0
208223,,1.0,,1.0,2.0
203874,,1.0,,1.0,2.0
206569,,1.0,,,1.0
200912,,1.0,,1.0,2.0
199467,,1.0,,1.0,2.0
210233,,1.0,,,1.0
198764,,1.0,,1.0,2.0
213188,,1.0,,,1.0
4837,,,3.0,,3.0
7497,,,1.0,1.0,2.0
12479,,,6.0,4.0,10.0
15502,,,1.0,,1.0
48095,,,2.0,,2.0
834,,,10.0,,10.0
207459,,,3.0,,3.0
23470,,,1.0,1.0,2.0
210218,,,3.0,,3.0
8376,,,8.0,,8.0
200845,,,1.0,,1.0
14618,,,5.0,6.0,11.0
31126,,,4.0,,4.0
42010,,,1.0,,1.0
61424,,,9.0,,9.0
54600,,,2.0,,2.0
48728,,,1.0,,1.0
55933,,,8.0,,8.0
268581,,,4.0,,4.0
367,,,9.0,,9.0
18779,,,9.0,,9.0
10753,,,2.0,,2.0
17378,,,3.0,,3.0
11857,,,1.0,,1.0
14593,,,4.0,,4.0
18013,,,2.0,,2.0
19318,,,4.0,,4.0
32298,,,1.0,,1.0
38731,,,1.0,,1.0
11492,,,1.0,,1.0
149020,,,1.0,,1.0
54113,,,1.0,5.0,6.0
393737,,,1.0,,1.0
54290,,,4.0,,4.0
47524,,,1.0,1.0,2.0
45671,,,1.0,,1.0
45609,,,3.0,,3.0
60819,,,1.0,,1.0
43289,,,3.0,,3.0
29182,,,1.0,,1.0
56046,,,1.0,,1.0
50710,,,4.0,,4.0
138571,,,5.0,,5.0
6713,,,6.0,,6.0
36914,,,6.0,,6.0
55996,,,1.0,,1.0
131274,,,2.0,,2.0
132742,,,4.0,,4.0
38201,,,1.0,,1.0
11835,,,1.0,,1.0
14259,,,1.0,,1.0
61939,,,2.0,,2.0
265534,,,1.0,,1.0
262427,,,1.0,,1.0
6364,,,1.0,,1.0
15672,,,1.0,,1.0
209260,,,3.0,,3.0
62833,,,1.0,,1.0
64236,,,1.0,,1.0
51659,,,2.0,,2.0
17483,,,1.0,,1.0
133398,,,1.0,,1.0
208363,,,4.0,,4.0
208365,,,2.0,,2.0
265348,,,1.0,,1.0
263500,,,3.0,,3.0
262210,,,2.0,,2.0
265927,,,1.0,,1.0
268936,,,1.0,,1.0
267914,,,1.0,,1.0
267234,,,1.0,,1.0
269343,,,1.0,,1.0
27751,,,2.0,,2.0
268219,,,1.0,,1.0
262560,,,1.0,,1.0
268342,,,8.0,,8.0
62352,,,8.0,,8.0
17847,,,2.0,,2.0
204152,,,1.0,,1.0
210402,,,2.0,,2.0
4768,,,1.0,,1.0
136287,,,2.0,,2.0
135887,,,3.0,,3.0
270,,,1.0,,1.0
399,,,6.0,,6.0
52777,,,5.0,,5.0
210016,,,2.0,,2.0
263592,,,3.0,,3.0
52760,,,1.0,,1.0
5839,,,9.0,,9.0
262949,,,1.0,,1.0
1516,,,5.0,,5.0
7325,,,3.0,,3.0
25609,,,1.0,,1.0
262504,,,3.0,,3.0
210066,,,2.0,,2.0
271003,,,1.0,,1.0
262382,,,4.0,,4.0
270737,,,6.0,,6.0
60929,,,2.0,,2.0
210001,,,2.0,,2.0
201668,,,2.0,,2.0
206190,,,2.0,,2.0
49110,,,2.0,,2.0
206641,,,2.0,,2.0
27738,,,2.0,,2.0
28846,,,1.0,,1.0
207786,,,2.0,,2.0
5371,,,10.0,,10.0
35956,,,1.0,,1.0
23281,,,2.0,,2.0
9808,,,3.0,,3.0
396982,,,2.0,,2.0
12735,,,1.0,,1.0
8075,,,2.0,,2.0
9198,,,5.0,,5.0
8402,,,8.0,,8.0
64267,,,2.0,,2.0
58143,,,4.0,,4.0
208287,,,1.0,,1.0
209242,,,2.0,,2.0
29802,,,3.0,1.0,4.0
396238,,,1.0,,1.0
9381,,,2.0,,2.0
13979,,,2.0,,2.0
398465,,,2.0,,2.0
36692,,,3.0,2.0,5.0
135377,,,3.0,,3.0
12491,,,5.0,,5.0
39537,,,2.0,,2.0
134823,,,2.0,,2.0
44724,,,1.0,,1.0
37254,,,2.0,,2.0
328471,,,3.0,,3.0
133847,,,3.0,,3.0
9341,,,1.0,,1.0
7011,,,3.0,,3.0
14956,,,1.0,,1.0
55592,,,2.0,,2.0
27855,,,4.0,,4.0
211826,,,1.0,,1.0
209371,,,1.0,,1.0
64286,,,1.0,,1.0
13046,,,3.0,,3.0
41897,,,2.0,,2.0
135427,,,3.0,,3.0
348,,,2.0,,2.0
202204,,,1.0,1.0,2.0
43775,,,2.0,,2.0
134711,,,1.0,,1.0
134226,,,2.0,,2.0
138032,,,1.0,,1.0
265303,,,3.0,,3.0
386,,,3.0,,3.0
52979,,,4.0,,4.0
262622,,,1.0,,1.0
399107,,,1.0,,1.0
201596,,,1.0,,1.0
1502,,,7.0,,7.0
2697,,,2.0,,2.0
16960,,,4.0,,4.0
16596,,,1.0,,1.0
397771,,,1.0,,1.0
32531,,,1.0,,1.0
8103,,,3.0,,3.0
26599,,,3.0,,3.0
36548,,,2.0,,2.0
61918,,,2.0,,2.0
262543,,,1.0,,1.0
26661,,,2.0,,2.0
1237,,,1.0,,1.0
45528,,,2.0,,2.0
20940,,,2.0,1.0,3.0
16625,,,1.0,,1.0
43260,,,4.0,,4.0
8100,,,1.0,,1.0
131090,,,1.0,,1.0
3507,,,2.0,,2.0
17447,,,1.0,,1.0
8987,,,5.0,,5.0
19437,,,1.0,,1.0
7411,,,2.0,,2.0
18978,,,2.0,,2.0
138968,,,6.0,,6.0
64249,,,1.0,,1.0
206977,,,1.0,,1.0
22147,,,1.0,,1.0
33489,,,2.0,,2.0
2386,,,3.0,,3.0
35911,,,2.0,,2.0
237,,,1.0,1.0,2.0
46455,,,4.0,,4.0
21928,,,1.0,1.0,2.0
38901,,,2.0,,2.0
62282,,,7.0,,7.0
24634,,,2.0,,2.0
12684,,,2.0,,2.0
22612,,,1.0,,1.0
398993,,,1.0,,1.0
140570,,,1.0,,1.0
46185,,,2.0,,2.0
46906,,,2.0,,2.0
133199,,,4.0,,4.0
37620,,,1.0,,1.0
140292,,,1.0,,1.0
10204,,,1.0,,1.0
131178,,,1.0,,1.0
58659,,,2.0,,2.0
209428,,,1.0,,1.0
264780,,,2.0,,2.0
268618,,,1.0,,1.0
264517,,,2.0,,2.0
269170,,,2.0,,2.0
271929,,,1.0,,1.0
265545,,,2.0,,2.0
16245,,,1.0,,1.0
31148,,,2.0,,2.0
306,,,3.0,,3.0
334,,,2.0,,2.0
25542,,,2.0,,2.0
6620,,,2.0,,2.0
22439,,,2.0,,2.0
25653,,,1.0,,1.0
54538,,,1.0,,1.0
27021,,,2.0,,2.0
19901,,,2.0,,2.0
54119,,,5.0,,5.0
42003,,,1.0,,1.0
43072,,,4.0,,4.0
327687,,,2.0,,2.0
328940,,,2.0,,2.0
131267,,,4.0,,4.0
9430,,,2.0,,2.0
23671,,,1.0,,1.0
135185,,,1.0,,1.0
147194,,,1.0,,1.0
133591,,,1.0,,1.0
134795,,,1.0,,1.0
28573,,,1.0,6.0,7.0
395973,,,2.0,2.0,4.0
38616,,,3.0,,3.0
385,,,4.0,,4.0
393386,,,1.0,,1.0
1501,,,8.0,,8.0
637,,,4.0,,4.0
28118,,,4.0,,4.0
3484,,,1.0,,1.0
30313,,,1.0,,1.0
137951,,,3.0,,3.0
32358,,,2.0,,2.0
262842,,,2.0,,2.0
52596,,,2.0,,2.0
263519,,,2.0,,2.0
36867,,,2.0,,2.0
4808,,,2.0,,2.0
17676,,,1.0,,1.0
4538,,,1.0,,1.0
40065,,,4.0,,4.0
35805,,,1.0,,1.0
63023,,,1.0,,1.0
207279,,,2.0,,2.0
31363,,,1.0,,1.0
50010,,,1.0,,1.0
15133,,,1.0,2.0,3.0
397423,,,2.0,,2.0
135752,,,2.0,,2.0
208485,,,5.0,,5.0
200019,,,3.0,,3.0
1544,,,4.0,,4.0
44735,,,1.0,,1.0
10392,,,2.0,,2.0
55653,,,1.0,,1.0
35994,,,2.0,2.0,4.0
24203,,,3.0,,3.0
376,,,2.0,,2.0
399606,,,2.0,,2.0
16591,,,1.0,,1.0
24560,,,2.0,,2.0
6167,,,2.0,,2.0
136384,,,2.0,,2.0
207967,,,1.0,,1.0
133652,,,3.0,,3.0
63139,,,4.0,,4.0
2609,,,2.0,,2.0
37705,,,4.0,,4.0
59895,,,1.0,,1.0
37205,,,1.0,,1.0
327700,,,5.0,,5.0
37671,,,2.0,,2.0
31245,,,2.0,,2.0
328880,,,2.0,,2.0
17421,,,1.0,,1.0
139341,,,1.0,,1.0
24164,,,1.0,,1.0
208621,,,2.0,,2.0
8895,,,1.0,,1.0
135821,,,2.0,,2.0
211732,,,2.0,,2.0
267458,,,1.0,,1.0
269330,,,3.0,2.0,5.0
262529,,,2.0,,2.0
267181,,,1.0,,1.0
263491,,,1.0,,1.0
63760,,,1.0,,1.0
22768,,,2.0,2.0,4.0
356,,,2.0,,2.0
370,,,1.0,,1.0
48851,,,2.0,,2.0
13434,,,2.0,,2.0
7105,,,1.0,,1.0
20276,,,2.0,,2.0
54246,,,1.0,,1.0
29974,,,1.0,,1.0
397204,,,2.0,2.0,4.0
20172,,,2.0,2.0,4.0
8190,,,2.0,,2.0
34666,,,1.0,,1.0
9208,,,2.0,,2.0
41082,,,1.0,,1.0
29128,,,1.0,,1.0
48739,,,1.0,,1.0
58392,,,1.0,,1.0
136141,,,2.0,,2.0
38843,,,1.0,,1.0
141486,,,2.0,,2.0
137461,,,1.0,,1.0
140113,,,1.0,,1.0
142426,,,1.0,,1.0
149322,,,1.0,,1.0
134507,,,2.0,,2.0
59381,,,1.0,,1.0
27138,,,4.0,,4.0
5231,,,4.0,,4.0
264284,,,2.0,,2.0
13684,,,1.0,,1.0
262676,,,2.0,,2.0
28264,,,2.0,,2.0
202108,,,2.0,2.0,4.0
37405,,,2.0,,2.0
38283,,,2.0,,2.0
60781,,,3.0,,3.0
3280,,,1.0,,1.0
2856,,,1.0,,1.0
47787,,,1.0,1.0,2.0
49981,,,1.0,,1.0
15774,,,2.0,,2.0
15731,,,1.0,,1.0
60721,,,1.0,,1.0
29314,,,2.0,,2.0
17819,,,2.0,,2.0
132779,,,1.0,,1.0
49999,,,2.0,,2.0
28469,,,1.0,1.0,2.0
7470,,,1.0,,1.0
26496,,,3.0,,3.0
11976,,,1.0,,1.0
49121,,,1.0,,1.0
41944,,,1.0,,1.0
397232,,,4.0,,4.0
397238,,,4.0,,4.0
397222,,,2.0,,2.0
397233,,,4.0,,4.0
397219,,,4.0,1.0,5.0
397215,,,5.0,,5.0
397225,,,4.0,,4.0
397220,,,4.0,,4.0
397237,,,4.0,,4.0
397218,,,2.0,,2.0
397231,,,4.0,,4.0
397213,,,2.0,2.0,4.0
397228,,,2.0,,2.0
55020,,,1.0,,1.0
36992,,,2.0,,2.0
42235,,,1.0,,1.0
36947,,,2.0,,2.0
134341,,,3.0,,3.0
210531,,,1.0,,1.0
201746,,,1.0,,1.0
202384,,,1.0,,1.0
135407,,,2.0,,2.0
47159,,,1.0,,1.0
44387,,,1.0,,1.0
21183,,,1.0,,1.0
131269,,,1.0,,1.0
11090,,,2.0,,2.0
19720,,,2.0,,2.0
209348,,,2.0,,2.0
205669,,,2.0,,2.0
59392,,,1.0,,1.0
23871,,,2.0,,2.0
38505,,,3.0,,3.0
138280,,,2.0,,2.0
137480,,,1.0,,1.0
134475,,,1.0,,1.0
149769,,,3.0,,3.0
151095,,,1.0,,1.0
136990,,,2.0,,2.0
53172,,,2.0,,2.0
210334,,,1.0,,1.0
397226,,,2.0,,2.0
53596,,,1.0,,1.0
30943,,,2.0,,2.0
396583,,,1.0,,1.0
28521,,,1.0,,1.0
38755,,,1.0,,1.0
38266,,,3.0,4.0,7.0
49392,,,3.0,,3.0
39351,,,2.0,,2.0
41689,,,2.0,,2.0
48359,,,1.0,,1.0
35699,,,1.0,,1.0
208862,,,1.0,,1.0
138687,,,1.0,,1.0
39184,,,1.0,,1.0
208677,,,1.0,,1.0
24863,,,6.0,,6.0
37619,,,1.0,,1.0
37183,,,1.0,,1.0
147287,,,1.0,,1.0
56971,,,1.0,,1.0
213296,,,1.0,,1.0
264927,,,1.0,,1.0
264012,,,2.0,,2.0
265126,,,2.0,,2.0
17411,,,1.0,,1.0
142519,,,1.0,,1.0
54607,,,1.0,,1.0
8311,,,3.0,,3.0
328432,,,2.0,,2.0
135700,,,1.0,,1.0
133679,,,1.0,,1.0
137154,,,1.0,,1.0
137553,,,1.0,,1.0
147042,,,2.0,,2.0
138030,,,2.0,,2.0
134871,,,2.0,,2.0
264571,,,1.0,,1.0
33770,,,2.0,,2.0
266452,,,1.0,,1.0
19886,,,4.0,,4.0
262866,,,1.0,,1.0
52993,,,2.0,,2.0
270532,,,2.0,,2.0
53140,,,2.0,,2.0
29029,,,2.0,,2.0
16210,,,2.0,,2.0
204843,,,3.0,,3.0
199046,,,3.0,,3.0
12703,,,1.0,,1.0
9329,,,1.0,1.0,2.0
210907,,,1.0,3.0,4.0
24435,,,1.0,,1.0
32934,,,1.0,,1.0
25229,,,1.0,,1.0
41984,,,2.0,,2.0
200197,,,2.0,,2.0
13037,,,1.0,,1.0
398823,,,1.0,,1.0
13576,,,1.0,,1.0
12150,,,2.0,,2.0
399195,,,1.0,,1.0
327814,,,4.0,,4.0
30993,,,1.0,,1.0
37049,,,1.0,,1.0
328750,,,1.0,,1.0
37016,,,1.0,,1.0
265113,,,1.0,,1.0
199496,,,1.0,,1.0
62390,,,1.0,,1.0
200064,,,3.0,,3.0
263347,,,2.0,,2.0
268044,,,1.0,,1.0
268136,,,2.0,,2.0
269363,,,2.0,,2.0
269886,,,2.0,,2.0
371,,,1.0,,1.0
9738,,,1.0,,1.0
6984,,,2.0,,2.0
16260,,,1.0,,1.0
11255,,,1.0,,1.0
46401,,,2.0,,2.0
203999,,,1.0,,1.0
42586,,,3.0,,3.0
205983,,,1.0,,1.0
57073,,,2.0,,2.0
57474,,,1.0,,1.0
328598,,,1.0,,1.0
328888,,,1.0,,1.0
37531,,,2.0,,2.0
329012,,,1.0,,1.0
38713,,,1.0,,1.0
136093,,,1.0,,1.0
138385,,,2.0,,2.0
147298,,,2.0,,2.0
135327,,,1.0,,1.0
34949,,,1.0,,1.0
27137,,,2.0,,2.0
5972,,,3.0,,3.0
3354,,,1.0,,1.0
262323,,,2.0,,2.0
263991,,,1.0,,1.0
205124,,,1.0,,1.0
13043,,,2.0,,2.0
328227,,,1.0,,1.0
264865,,,2.0,,2.0
205287,,,1.0,,1.0
263435,,,2.0,,2.0
199598,,,1.0,,1.0
52809,,,2.0,,2.0
262486,,,4.0,,4.0
57615,,,2.0,,2.0
203811,,,1.0,,1.0
201990,,,1.0,,1.0
61767,,,1.0,,1.0
267523,,,1.0,,1.0
37457,,,3.0,,3.0
49581,,,1.0,,1.0
9123,,,2.0,,2.0
16135,,,1.0,,1.0
203068,,,1.0,,1.0
36352,,,2.0,,2.0
24631,,,3.0,,3.0
200482,,,1.0,,1.0
30860,,,1.0,,1.0
204868,,,1.0,,1.0
22709,,,2.0,,2.0
18671,,,1.0,,1.0
13977,,,2.0,,2.0
13013,,,1.0,,1.0
46475,,,1.0,,1.0
137443,,,1.0,,1.0
31898,,,1.0,,1.0
22423,,,1.0,,1.0
138608,,,1.0,,1.0
48503,,,1.0,,1.0
60144,,,1.0,,1.0
60351,,,1.0,,1.0
61302,,,1.0,,1.0
206003,,,1.0,,1.0
50613,,,1.0,,1.0
58879,,,2.0,,2.0
54936,,,1.0,,1.0
11664,,,2.0,1.0,3.0
262253,,,1.0,,1.0
328608,,,1.0,,1.0
28409,,,2.0,,2.0
36986,,,2.0,,2.0
133929,,,1.0,,1.0
38277,,,1.0,,1.0
52699,,,1.0,,1.0
680,,,1.0,,1.0
27983,,,2.0,,2.0
14773,,,1.0,,1.0
271646,,,2.0,2.0,4.0
268599,,,2.0,,2.0
53245,,,1.0,,1.0
53182,,,1.0,,1.0
269043,,,1.0,,1.0
271511,,,1.0,,1.0
396410,,,1.0,,1.0
393844,,,3.0,,3.0
335,,,1.0,,1.0
368,,,2.0,,2.0
131093,,,1.0,,1.0
141342,,,1.0,,1.0
60117,,,1.0,,1.0
10279,,,1.0,,1.0
27216,,,1.0,,1.0
22703,,,1.0,,1.0
7287,,,4.0,3.0,7.0
49006,,,1.0,,1.0
39150,,,1.0,,1.0
197663,,,1.0,,1.0
150774,,,1.0,,1.0
140947,,,1.0,,1.0
266631,,,2.0,,2.0
35039,,,1.0,,1.0
5852,,,3.0,,3.0
52893,,,1.0,,1.0
263736,,,1.0,,1.0
265704,,,2.0,,2.0
262683,,,2.0,,2.0
263924,,,2.0,3.0,5.0
3596,,,2.0,,2.0
209492,,,1.0,,1.0
28213,,,1.0,,1.0
264923,,,3.0,,3.0
262932,,,1.0,,1.0
52405,,,1.0,,1.0
262438,,,2.0,,2.0
52786,,,1.0,,1.0
262439,,,1.0,,1.0
52643,,,1.0,,1.0
52773,,,1.0,,1.0
271519,,,2.0,,2.0
206005,,,1.0,,1.0
57022,,,1.0,,1.0
8163,,,2.0,,2.0
269909,,,1.0,,1.0
270707,,,1.0,,1.0
8474,,,1.0,,1.0
19781,,,1.0,,1.0
394404,,,1.0,,1.0
50391,,,1.0,,1.0
13904,,,2.0,,2.0
398343,,,2.0,,2.0
12200,,,1.0,,1.0
198883,,,1.0,,1.0
32034,,,1.0,,1.0
6697,,,1.0,,1.0
32798,,,2.0,,2.0
62,,,1.0,,1.0
55256,,,1.0,,1.0
264646,,,1.0,,1.0
3801,,,1.0,,1.0
30175,,,1.0,,1.0
55154,,,1.0,,1.0
270481,,,1.0,,1.0
54614,,,1.0,,1.0
4780,,,2.0,,2.0
24550,,,1.0,,1.0
45879,,,2.0,,2.0
29688,,,2.0,,2.0
24445,,,1.0,,1.0
38019,,,1.0,,1.0
996,,,1.0,,1.0
397234,,,2.0,,2.0
397239,,,2.0,,2.0
20432,,,2.0,,2.0
271907,,,1.0,,1.0
54488,,,1.0,,1.0
14611,,,2.0,,2.0
29571,,,1.0,,1.0
37544,,,1.0,,1.0
37672,,,2.0,,2.0
55991,,,1.0,,1.0
1301,,,3.0,1.0,4.0
45786,,,1.0,,1.0
16353,,,1.0,,1.0
269005,,,1.0,,1.0
269593,,,1.0,,1.0
269698,,,1.0,,1.0
267662,,,1.0,,1.0
267339,,,1.0,,1.0
15735,,,1.0,,1.0
62654,,,2.0,,2.0
400045,,,1.0,,1.0
27823,,,1.0,,1.0
141180,,,1.0,,1.0
207114,,,1.0,,1.0
36689,,,1.0,,1.0
137996,,,1.0,,1.0
134042,,,1.0,,1.0
24537,,,1.0,,1.0
133501,,,2.0,,2.0
398173,,,1.0,,1.0
52431,,,1.0,,1.0
52951,,,1.0,,1.0
398156,,,2.0,,2.0
28194,,,1.0,,1.0
263450,,,1.0,,1.0
265007,,,2.0,,2.0
265032,,,1.0,,1.0
28209,,,2.0,1.0,3.0
27837,,,1.0,,1.0
53024,,,1.0,,1.0
262719,,,1.0,,1.0
263245,,,2.0,,2.0
14409,,,1.0,,1.0
270262,,,1.0,,1.0
14026,,,1.0,,1.0
45271,,,2.0,1.0,3.0
29286,,,1.0,,1.0
20278,,,1.0,,1.0
400377,,,1.0,,1.0
31549,,,1.0,,1.0
36236,,,2.0,,2.0
20149,,,1.0,,1.0
12083,,,1.0,,1.0
11992,,,1.0,,1.0
139660,,,1.0,,1.0
11260,,,1.0,,1.0
13428,,,1.0,,1.0
55286,,,2.0,,2.0
51765,,,1.0,,1.0
23650,,,1.0,,1.0
17623,,,1.0,,1.0
56044,,,1.0,,1.0
208258,,,1.0,,1.0
270158,,,1.0,,1.0
399077,,,1.0,,1.0
45804,,,1.0,,1.0
37225,,,2.0,,2.0
23889,,,1.0,,1.0
37233,,,2.0,,2.0
264288,,,1.0,,1.0
61917,,,2.0,,2.0
398700,,,1.0,,1.0
60893,,,1.0,,1.0
200385,,,1.0,,1.0
265566,,,2.0,,2.0
43088,,,1.0,,1.0
22631,,,1.0,,1.0
400120,,,2.0,,2.0
21803,,,1.0,,1.0
53107,,,2.0,,2.0
15703,,,1.0,,1.0
42428,,,1.0,,1.0
138965,,,1.0,,1.0
262675,,,2.0,,2.0
30614,,,1.0,,1.0
53132,,,1.0,,1.0
7834,,,1.0,,1.0
19564,,,1.0,,1.0
1493,,,1.0,,1.0
29487,,,1.0,,1.0
265387,,,1.0,,1.0
265478,,,1.0,,1.0
266386,,,1.0,,1.0
52709,,,1.0,,1.0
262805,,,1.0,,1.0
263639,,,1.0,,1.0
396571,,,2.0,,2.0
263326,,,1.0,,1.0
396547,,,1.0,,1.0
26594,,,2.0,,2.0
40926,,,1.0,,1.0
8315,,,1.0,,1.0
50113,,,1.0,,1.0
198802,,,1.0,,1.0
208046,,,1.0,,1.0
22302,,,1.0,,1.0
33696,,,1.0,,1.0
211585,,,1.0,,1.0
16713,,,1.0,,1.0
400509,,,1.0,,1.0
30277,,,1.0,,1.0
398425,,,1.0,,1.0
19194,,,1.0,,1.0
270496,,,1.0,,1.0
37053,,,1.0,,1.0
6507,,,1.0,,1.0
53059,,,1.0,,1.0
397563,,,1.0,,1.0
35319,,,1.0,,1.0
8612,,,1.0,,1.0
205112,,,1.0,,1.0
52471,,,1.0,,1.0
268151,,,1.0,,1.0
265036,,,1.0,,1.0
269004,,,1.0,,1.0
52279,,,1.0,,1.0
52780,,,1.0,,1.0
28227,,,1.0,,1.0
269637,,,1.0,,1.0
266993,,,1.0,,1.0
268233,,,1.0,,1.0
203481,,,1.0,,1.0
272432,,,1.0,,1.0
10750,,,1.0,,1.0
6596,,,1.0,,1.0
396542,,,1.0,,1.0
26047,,,1.0,,1.0
49040,,,1.0,,1.0
49373,,,1.0,,1.0
327813,,,1.0,,1.0
131642,,,1.0,,1.0
11340,,,1.0,,1.0
28255,,,1.0,,1.0
263895,,,1.0,,1.0
398194,,,1.0,,1.0
22450,,,1.0,,1.0
265240,,,1.0,,1.0
266023,,,1.0,,1.0
263019,,,1.0,,1.0
263598,,,1.0,,1.0
28266,,,1.0,,1.0
52790,,,1.0,,1.0
39095,,,1.0,,1.0
263537,,,1.0,,1.0
267498,,,1.0,,1.0
50689,,,1.0,,1.0
37342,,,1.0,,1.0
21980,,,1.0,,1.0
270295,,,1.0,,1.0
267549,,,1.0,,1.0
396546,,,1.0,,1.0
37019,,,,1.0,1.0
24409,,,,2.0,2.0
146966,,,,8.0,8.0
24158,,,,2.0,2.0
21416,,,,1.0,1.0
64300,,,,3.0,3.0
137703,,,,6.0,6.0
264461,,,,1.0,1.0
272881,,,,1.0,1.0
272744,,,,1.0,1.0
202256,,,,11.0,11.0
204318,,,,7.0,7.0
51847,,,,2.0,2.0
150698,,,,2.0,2.0
399200,,,,1.0,1.0
6871,,,,5.0,5.0
263689,,,,2.0,2.0
264349,,,,2.0,2.0
53115,,,,2.0,2.0
52795,,,,2.0,2.0
20253,,,,1.0,1.0
262588,,,,2.0,2.0
272636,,,,3.0,3.0
36630,,,,2.0,2.0
135395,,,,1.0,1.0
11427,,,,1.0,1.0
12271,,,,1.0,1.0
11955,,,,1.0,1.0
265608,,,,1.0,1.0
137961,,,,5.0,5.0
134970,,,,1.0,1.0
61496,,,,2.0,2.0
272883,,,,2.0,2.0
262454,,,,2.0,2.0
271773,,,,2.0,2.0
200536,,,,2.0,2.0
38345,,,,1.0,1.0
3352,,,,1.0,1.0
714,,,,1.0,1.0
17853,,,,1.0,1.0
19836,,,,2.0,2.0
141679,,,,1.0,1.0
22884,,,,1.0,1.0
28403,,,,2.0,2.0
52238,,,,2.0,2.0
198825,,,,2.0,2.0
272710,,,,2.0,2.0
131429,,,,1.0,1.0
265607,,,,1.0,1.0
211691,,,,1.0,1.0
272847,,,,2.0,2.0
44812,,,,1.0,1.0
151338,,,,1.0,1.0
52257,,,,2.0,2.0
2485,,,,1.0,1.0
208454,,,,1.0,1.0
212618,,,,1.0,1.0
268207,,,,2.0,2.0
269615,,,,2.0,2.0
49037,,,,1.0,1.0
327733,,,,1.0,1.0
328437,,,,1.0,1.0
147224,,,,1.0,1.0
262748,,,,2.0,2.0
265419,,,,1.0,1.0
263642,,,,2.0,2.0
210258,,,,1.0,1.0
139321,,,,1.0,1.0
272656,,,,2.0,2.0
200780,,,,1.0,1.0
40264,,,,2.0,2.0
36868,,,,1.0,1.0
210626,,,,3.0,3.0
27927,,,,2.0,2.0
58130,,,,3.0,3.0
263267,,,,2.0,2.0
24708,,,,3.0,3.0
7016,,,,2.0,2.0
264962,,,,2.0,2.0
134331,,,,1.0,1.0
267270,,,,1.0,1.0
139967,,,,1.0,1.0
28613,,,,1.0,1.0
265953,,,,1.0,1.0
264796,,,,1.0,1.0
271517,,,,1.0,1.0
209209,,,,1.0,1.0
270653,,,,1.0,1.0
46969,,,,1.0,1.0
26801,,,,1.0,1.0
131445,,,,1.0,1.0
22379,,,,1.0,1.0
270088,,,,1.0,1.0
271282,,,,1.0,1.0
398041,,,,1.0,1.0
270393,,,,1.0,1.0
29789,,,,1.0,1.0
48741,,,,1.0,1.0
